wine_index,type,quality,fixed_acidity,volatile_acidity,citric_acid,residual_sugar,chlorides,free_sulfur_dioxide,total_sulfur_dioxide,density,pH,sulphates,alcohol
1,white,5,7.3,0.25,0.26,7.2,0.048,52,207,0.99587,3.12,0.37,9.2
2,white,5,6.4,0.18,0.48,4,0.186,64,150,0.9945,3.06,0.4,9.3
3,white,7,7,0.25,0.45,2.3,0.045,40,118,0.99064,3.16,0.48,11.9
4,red,5,8.1,0.575,0.22,2.1,0.077,12,65,0.9967,3.29,0.51,9.2
5,white,6,5.7,0.385,0.04,12.6,0.034,22,115,0.9964,3.28,0.63,9.9
6,white,7,5.9,0.37,0.32,1.6,0.029,41,102,0.98916,3.41,0.55,12.7
7,white,6,6.6,0.22,0.29,14.4,0.046,39,118,0.99834,3.05,0.5,9.1
8,white,6,5.8,0.12,0.21,1.3,0.056,35,121,0.9908,3.32,0.33,11.4
9,white,5,6.7,0.2,0.37,1.65,0.025,42,103,0.99022,3.11,0.45,11.4
10,red,6,7.1,0.22,0.49,1.8,0.039,8,18,0.99344,3.39,0.56,12.4
11,white,7,7.7,0.28,0.33,6.7,0.037,32,155,0.9951,3.39,0.62,10.7
12,white,6,6.8,0.15,0.41,12.9,0.044,79.5,183,0.99742,3.24,0.78,10.2
13,white,6,6.9,0.21,0.33,1.4,0.056,35,136,0.9938,3.63,0.78,10.3
14,white,6,8.2,0.3,0.44,12.4,0.043,52,154,0.99452,3.04,0.33,12
15,white,6,7.6,0.2,0.36,1.9,0.043,24,111,0.99237,3.29,0.54,11.3
16,white,5,8.4,0.28,0.4,8.9,0.048,33,146,0.9988,3.4,0.46,9.3
17,white,6,6.1,0.55,0.15,9.8,0.031,19,125,0.9957,3.36,0.47,10.2
18,white,5,9.4,0.16,0.23,1.6,0.042,14,67,0.9942,3.07,0.32,9.5
19,white,8,7.3,0.19,0.27,13.9,0.057,45,155,0.99807,2.94,0.41,8.8
20,white,7,6.5,0.24,0.36,2.2,0.027,36,134,0.9898,3.28,0.36,12.5
21,white,6,7.3,0.28,0.54,12.9,0.049,62,162.5,0.9984,3.06,0.45,9.1
22,white,6,6.8,0.2,0.28,12.6,0.048,54,136,0.99556,3.19,0.37,10.7
23,white,6,9,0.27,0.35,4.9,0.028,27,95,0.9932,3.04,0.4,11.3
24,white,7,6.7,0.17,0.37,2,0.039,34,125,0.9922,3.26,0.6,10.8
25,red,5,8.8,0.61,0.14,2.4,0.067,10,42,0.9969,3.19,0.59,9.5
26,red,5,7.5,0.61,0.26,1.9,0.073,24,88,0.99612,3.3,0.53,9.8
27,white,6,7.6,0.3,0.22,10.2,0.049,57,191,0.9966,3.08,0.4,9.3
28,white,4,6.9,0.19,0.6,4,0.037,6,122,0.99255,2.92,0.59,10.4
29,red,6,7.9,0.33,0.41,1.5,0.056,6,35,0.99396,3.29,0.71,11
30,white,6,7,0.19,0.33,6.3,0.032,42,127,0.99182,3.31,0.38,12.2
31,white,6,8.3,0.16,0.37,7.9,0.025,38,107,0.99306,2.93,0.37,11.9
32,red,5,7.2,0.835,0,2,0.166,4,11,0.99608,3.39,0.52,10
33,white,6,6.7,0.48,0.49,2.9,0.03,28,122,0.98926,3.13,0.4,13
34,red,6,7.2,0.52,0.07,1.4,0.074,5,20,0.9973,3.32,0.81,9.6
35,white,7,7.1,0.36,0.37,4.8,0.019,39,114,0.99036,3.08,0.49,12.7
36,white,6,6.7,0.48,0.49,2.9,0.03,28,122,0.98926,3.13,0.4,13
37,white,7,6,0.27,0.19,1.7,0.02,24,110,0.9898,3.32,0.47,12.6
38,white,4,6.8,0.29,0.16,1.4,0.038,122.5,234.5,0.9922,3.15,0.47,10
39,white,7,7.9,0.22,0.38,8,0.043,46,152,0.9934,3.12,0.32,11.5
40,white,7,6.7,0.15,0.29,5,0.058,28,105,0.9946,3.52,0.44,10.2
41,red,7,10.4,0.33,0.63,2.8,0.084,5,22,0.9998,3.26,0.74,11.2
42,red,7,11.1,0.31,0.49,2.7,0.094,16,47,0.9986,3.12,1.02,10.6
43,white,5,7.1,0.2,0.37,1.5,0.049,28,129,0.99226,3.15,0.52,10.8
44,white,6,6.7,0.11,0.26,14.8,0.053,44,95,0.99676,3.2,0.35,9.8
45,white,6,6,0.33,0.38,9.7,0.04,29,124,0.9954,3.47,0.48,11
46,white,6,8.3,0.14,0.34,1.1,0.042,7,47,0.9934,3.47,0.4,10.2
47,white,6,6.2,0.16,0.32,1.1,0.036,74,184,0.99096,3.22,0.41,11
48,red,5,8,0.39,0.3,1.9,0.074,32,84,0.99717,3.39,0.61,9
49,white,6,7.9,0.16,0.3,7.4,0.05,58,152,0.99612,3.12,0.37,9.5
50,white,6,6.5,0.22,0.45,8,0.053,52,196,0.9959,3.23,0.48,9.1
51,white,6,5.9,0.31,0.3,7.7,0.047,60,206,0.995,3.2,0.39,9.6
52,red,5,7.6,0.41,0.49,2,0.088,16,43,0.998,3.48,0.64,9.1
53,white,6,6.9,0.24,0.23,7.1,0.041,20,97,0.99246,3.1,0.85,11.4
54,white,6,6.4,0.12,0.3,1.1,0.031,37,94,0.98986,3.01,0.56,11.7
55,white,5,5.5,0.24,0.32,8.7,0.06,19,102,0.994,3.27,0.31,10.4
56,red,5,7.7,0.51,0.28,2.1,0.087,23,54,0.998,3.42,0.74,9.2
57,white,6,7.1,0.2,0.3,0.9,0.019,4,28,0.98931,3.2,0.36,12
58,white,7,6.1,0.34,0.27,2.6,0.024,20,105,0.9906,3.4,0.67,12.2
59,white,7,7.2,0.24,0.29,2.2,0.037,37,102,0.992,3.27,0.64,11
60,white,7,6.7,0.18,0.31,10.6,0.035,42,143,0.99572,3.08,0.49,9.8
61,white,6,7.5,0.18,0.39,1.9,0.054,23,91,0.9941,3.27,0.45,10.3
62,white,7,6,0.31,0.27,2.3,0.042,19,120,0.98952,3.32,0.41,12.7
63,white,5,4.7,0.335,0.14,1.3,0.036,69,168,0.99212,3.47,0.46,10.5
64,red,6,7,0.38,0.49,2.5,0.097,33,85,0.9962,3.39,0.77,11.4
65,white,8,6.4,0.32,0.25,5,0.055,28,138,0.99171,3.27,0.5,12.4
66,white,5,6.5,0.24,0.24,1.6,0.046,15,60,0.9928,3.19,0.39,9.8
67,white,5,7.5,0.22,0.29,4.8,0.05,33,87,0.994,3.14,0.42,9.9
68,white,6,5.7,0.25,0.22,9.8,0.049,50,125,0.99571,3.2,0.45,10.1
69,white,5,6.6,0.25,0.35,14,0.069,42,163,0.999,3.56,0.47,9.8
70,red,6,8.2,0.34,0.37,1.9,0.057,43,74,0.99408,3.23,0.81,12
71,red,6,10.3,0.5,0.42,2,0.069,21,51,0.9982,3.16,0.72,11.5
72,white,5,5.7,0.255,0.65,1.2,0.079,17,137,0.99307,3.2,0.42,9.4
73,red,7,8.3,0.31,0.39,2.4,0.078,17,43,0.99444,3.31,0.77,12.5
74,white,6,8.5,0.15,0.49,1.5,0.031,17,122,0.9932,3.03,0.4,10.3
75,white,5,6.9,0.615,0.42,12,0.067,24,131,0.99727,3.19,0.34,9.3
76,white,6,6.5,0.22,0.19,1.1,0.064,36,191,0.99297,3.05,0.5,9.5
77,red,6,11.3,0.36,0.66,2.4,0.123,3,8,0.99642,3.2,0.53,11.9
78,white,5,7.1,0.31,0.5,14.5,0.059,6,148,0.9983,2.94,0.44,9.1
79,red,6,6.7,0.16,0.64,2.1,0.059,24,52,0.99494,3.34,0.71,11.2
80,white,5,7.3,0.24,0.39,17.95,0.057,45,149,0.9999,3.21,0.36,8.6
81,white,4,7.1,0.23,0.24,5.4,0.039,60,196,0.9948,3.19,0.78,10
82,white,6,7.7,0.24,0.3,1.4,0.041,15,102,0.9929,3.26,0.53,10.4
83,white,5,6.4,0.43,0.32,1.4,0.048,10,67,0.992,3.08,0.41,11.4
84,white,6,7.2,0.2,0.28,1.6,0.028,13,168,0.99203,3.17,1.06,11.5
85,white,7,7.4,0.19,0.49,6.7,0.037,15,110,0.9938,3.2,0.38,11
86,white,7,6.3,0.27,0.38,0.9,0.051,7,140,0.9926,3.45,0.5,10.5
87,white,6,6.1,0.27,0.33,2.2,0.021,26,117,0.9886,3.12,0.3,12.5
88,white,5,7.2,0.39,0.62,11,0.047,66,178,0.9976,3.16,0.5,8.7
89,red,6,5.9,0.395,0.13,2.4,0.056,14,28,0.99362,3.62,0.67,12.4
90,white,7,8,0.45,0.28,10.8,0.051,25,157,0.9957,3.06,0.47,11.4
91,white,6,8.4,0.36,0.36,11.1,0.032,21,132,0.99313,2.95,0.39,13
92,white,5,6.2,0.31,0.23,3.3,0.052,34,113,0.99429,3.16,0.48,8.4
93,white,6,8.2,0.22,0.3,1.8,0.047,47,185,0.9933,3.13,0.5,10.2
94,white,5,6.9,0.28,0.4,8.2,0.036,15,95,0.9944,3.17,0.33,10.2
95,red,6,7.1,0.46,0.2,1.9,0.077,28,54,0.9956,3.37,0.64,10.4
96,red,6,6.2,0.52,0.08,4.4,0.071,11,32,0.99646,3.56,0.63,11.6
97,white,6,6.8,0.4,0.29,2.8,0.044,27,97,0.9904,3.12,0.42,11.2
98,red,6,7.9,0.31,0.32,1.9,0.066,14,36,0.99364,3.41,0.56,12.6
99,white,7,8.1,0.43,0.42,6.6,0.033,36,141,0.9918,2.98,0.39,13.3
100,red,6,8.4,0.36,0.32,2.2,0.081,32,79,0.9964,3.3,0.72,11
101,white,6,5.5,0.315,0.38,2.6,0.033,10,69,0.9909,3.12,0.59,10.8
102,white,5,7.9,0.36,0.53,12.9,0.049,63,139,0.99792,2.94,0.45,9.1
103,white,7,6.1,0.22,0.4,1.85,0.031,25,111,0.98966,3.03,0.3,11.8
104,red,6,8.7,0.31,0.46,1.4,0.059,11,25,0.9966,3.36,0.76,10.1
105,red,6,8.8,0.45,0.43,1.4,0.076,12,21,0.99551,3.21,0.75,10.2
106,white,6,6.8,0.3,0.35,2.8,0.038,10,164,0.9912,3.09,0.53,12
107,white,7,7.4,0.2,0.35,2.1,0.038,30,116,0.9949,3.49,0.77,10.3
108,white,6,7.1,0.29,0.34,7.8,0.036,49,128,0.99397,3.21,0.4,10.7
109,red,6,7.7,0.18,0.34,2.7,0.066,15,58,0.9947,3.37,0.78,11.8
110,white,6,7.6,0.28,0.39,1.2,0.038,21,115,0.994,3.16,0.67,10
111,white,8,5.2,0.285,0.29,5.15,0.035,64,138,0.9895,3.19,0.34,12.4
112,white,6,7.5,0.24,0.31,13.1,0.05,26,180,0.99884,3.05,0.53,9.1
113,red,7,5.2,0.48,0.04,1.6,0.054,19,106,0.9927,3.54,0.62,12.2
114,white,6,8.9,0.24,0.33,15.75,0.035,16,132,0.996,3,0.37,12.1
115,white,6,5.8,0.36,0.26,3.3,0.038,40,153,0.9911,3.34,0.55,11.3
116,red,6,8.3,0.76,0.29,4.2,0.075,12,16,0.9965,3.45,0.68,11.5
117,white,6,6.6,0.2,0.14,4.4,0.184,35,168,0.99396,2.93,0.45,9.4
118,white,7,7,0.15,0.28,14.7,0.051,29,149,0.99792,2.96,0.39,9
119,white,4,7.5,0.26,0.59,11.8,0.046,58,164,0.99814,3.17,0.46,8.9
120,white,5,6.3,0.24,0.29,1.6,0.052,48,185,0.9934,3.21,0.5,9.4
121,white,4,6.9,0.3,0.36,4.5,0.054,31,203,0.99513,3.4,0.57,10.4
122,white,7,4.4,0.54,0.09,5.1,0.038,52,97,0.99022,3.41,0.4,12.2
123,white,5,7.2,0.34,0.23,8.9,0.105,22,155,0.99692,3.01,0.58,9.5
124,white,6,5.6,0.19,0.46,1.1,0.032,33,115,0.9909,3.36,0.5,10.4
125,red,5,9.4,0.685,0.26,2.4,0.082,23,143,0.9978,3.28,0.55,9.4
126,red,5,7.1,0.34,0.28,2,0.082,31,68,0.99694,3.45,0.48,9.4
127,red,6,9.1,0.22,0.24,2.1,0.078,1,28,0.999,3.41,0.87,10.3
128,red,6,6.8,0.6,0.18,1.9,0.079,18,86,0.9968,3.59,0.57,9.3
129,red,5,7.3,0.585,0.18,2.4,0.078,15,60,0.99638,3.31,0.54,9.8
130,white,6,7,0.31,0.26,7.4,0.069,28,160,0.9954,3.13,0.46,9.8
131,white,7,6.8,0.18,0.3,12.8,0.062,19,171,0.99808,3,0.52,9
132,white,4,6.7,0.54,0.27,7.1,0.049,8,178,0.99502,3.16,0.38,9.4
133,white,6,7,0.21,0.31,6,0.046,29,108,0.9939,3.26,0.5,10.8
134,white,7,6.8,0.21,0.31,2.9,0.046,40,121,0.9913,3.07,0.65,10.9
135,red,6,7.6,0.29,0.49,2.7,0.092,25,60,0.9971,3.31,0.61,10.1
136,white,5,6.1,0.33,0.32,7.8,0.052,52,183,0.99657,3.39,0.65,9.5
137,white,6,7.5,0.24,0.31,13.1,0.05,26,180,0.99884,3.05,0.53,9.1
138,white,5,6.7,0.18,0.25,14.3,0.048,79,149,0.9975,3.12,0.37,9.7
139,white,5,5.8,0.33,0.2,16.05,0.047,26,166,0.9976,3.09,0.46,8.9
140,red,5,8.7,0.29,0.52,1.6,0.113,12,37,0.9969,3.25,0.58,9.5
141,white,6,7,0.24,0.36,4.9,0.083,10,133,0.9942,3.33,0.37,10.8
142,red,5,8.8,0.4,0.4,2.2,0.079,19,52,0.998,3.44,0.64,9.2
143,white,7,6.8,0.39,0.34,7.4,0.02,38,133,0.99212,3.18,0.44,12
144,white,8,8.1,0.17,0.44,14.1,0.053,43,145,1.0006,3.28,0.75,8.8
145,white,8,6.2,0.37,0.24,6.1,0.032,19,86,0.98934,3.04,0.26,13.4
146,red,6,7.8,0.55,0,1.7,0.07,7,17,0.99659,3.26,0.64,9.4
147,white,8,6.8,0.19,0.32,7.05,0.019,54,188,0.9935,3.25,0.37,11.1
148,white,5,6.3,0.34,0.28,14.7,0.047,49,198,0.9977,3.23,0.46,9.5
149,red,7,7.9,0.34,0.36,1.9,0.065,5,10,0.99419,3.27,0.54,11.2
150,white,7,7.8,0.26,0.49,3.2,0.027,28,87,0.9919,3.03,0.32,11.3
151,red,6,6.2,0.44,0.39,2.5,0.077,6,14,0.99555,3.51,0.69,11
152,white,7,6.2,0.16,0.34,1.7,0.038,85,153,0.9909,3.33,0.86,12
153,white,5,5.7,0.26,0.24,17.8,0.059,23,124,0.99773,3.3,0.5,10.1
154,white,6,5.3,0.16,0.39,1,0.028,40,101,0.99156,3.57,0.59,10.6
155,white,5,6.7,0.41,0.34,9.2,0.049,29,150,0.9968,3.22,0.51,9.1
156,white,6,6,0.2,0.26,1.1,0.033,38,67,0.98954,3.14,0.38,11.5
157,white,8,7,0.23,0.36,7.1,0.028,31,104,0.9922,3.35,0.47,12.1
158,red,6,7.1,0.59,0.01,2.3,0.08,27,43,0.9955,3.42,0.58,10.7
159,white,6,6,0.32,0.32,4.8,0.041,40,186,0.99235,3.22,0.54,11
160,white,5,7.4,0.23,0.38,8.6,0.052,41,150,0.99534,3.06,0.46,10.3
161,white,7,7,0.28,0.32,7.75,0.032,30,114,0.99158,3.12,0.64,12.8
162,white,4,7.2,0.4,0.62,10.8,0.041,70,189,0.9976,3.08,0.49,8.6
163,white,6,6.4,0.27,0.29,10.8,0.028,17,118,0.99356,3.18,0.37,11.2
164,red,6,7.5,0.4,0.12,3,0.092,29,53,0.9967,3.37,0.7,10.3
165,white,7,5.6,0.35,0.4,6.3,0.022,23,174,0.9922,3.54,0.5,11.6
166,red,5,6.1,0.6,0.08,1.8,0.071,14,45,0.99336,3.38,0.54,11
167,white,6,6.8,0.32,0.37,3.4,0.023,19,87,0.9902,3.14,0.53,12.7
168,white,6,8.2,0.23,0.4,7.5,0.049,12,76,0.9966,3.06,0.84,9.7
169,white,5,6.1,0.25,0.49,7.6,0.052,67,226,0.9956,3.16,0.47,8.9
170,red,5,6.7,0.7,0.08,3.75,0.067,8,16,0.99334,3.43,0.52,12.6
171,white,7,7.9,0.44,0.37,5.85,0.033,27,93,0.992,3.16,0.54,12.6
172,white,6,6.4,0.31,0.28,2.5,0.039,34,137,0.98946,3.22,0.38,12.7
173,red,6,7.6,0.43,0.31,2.1,0.069,13,74,0.9958,3.26,0.54,9.9
174,white,7,7.1,0.16,0.36,10.7,0.044,20,90,0.9959,3.16,0.44,10.9
175,white,6,5.4,0.265,0.28,7.8,0.052,27,91,0.99432,3.19,0.38,10.4
176,white,5,6.8,0.26,0.44,8.2,0.046,52,183,0.99584,3.2,0.51,9.4
177,white,6,7.2,0.2,0.3,2,0.039,43,188,0.9911,3.3,0.41,12
178,white,5,7.5,0.31,0.51,14.8,0.039,62,204,0.9982,3.06,0.6,9.5
179,white,7,7.3,0.13,0.27,4.6,0.08,34,172,0.9938,3.23,0.39,11.1
180,red,6,8.3,0.49,0.36,1.8,0.222,6,16,0.998,3.18,0.6,9.5
181,white,6,7.7,0.39,0.49,7.7,0.036,11,110,0.9966,3.33,0.76,10
182,white,7,7.5,0.34,0.28,4,0.028,46,100,0.98958,3.2,0.5,13.2
183,white,5,8.1,0.46,0.31,1.7,0.052,50,183,0.9923,3.03,0.42,11.2
184,white,6,6.8,0.25,0.29,2,0.042,19,189,0.9952,3.46,0.54,10.2
185,red,4,6.3,1.02,0,2,0.083,17,24,0.99437,3.59,0.55,11.2
186,white,5,6.9,0.32,0.15,8.1,0.046,51,180,0.9958,3.13,0.45,8.9
187,white,7,5.8,0.19,0.49,4.9,0.04,44,118,0.9935,3.34,0.38,9.5
188,white,7,7.4,0.25,0.28,7.25,0.028,14,78,0.99238,2.94,0.37,11.5
189,white,5,6.8,0.26,0.24,7.8,0.052,54,214,0.9961,3.13,0.47,8.9
190,white,6,6.3,0.3,0.28,5,0.042,36,168,0.99505,3.22,0.69,9.5
191,red,5,7.1,0.43,0.42,5.5,0.07,29,129,0.9973,3.42,0.72,10.5
192,red,5,10.8,0.5,0.46,2.5,0.073,5,27,1.0001,3.05,0.64,9.5
193,white,6,6.4,0.42,0.46,8.4,0.05,58,180,0.99495,3.18,0.46,9.7
194,white,7,7,0.15,0.28,14.7,0.051,29,149,0.99792,2.96,0.39,9
195,red,5,7.1,0.36,0.3,1.6,0.08,35,70,0.99693,3.44,0.5,9.4
196,white,6,6.6,0.36,0.21,1.5,0.049,39,184,0.9928,3.18,0.41,9.9
197,white,6,6.3,0.24,0.35,2.3,0.039,43,109,0.99056,3.34,0.44,11.8
198,red,5,9.1,0.52,0.33,1.3,0.07,9,30,0.9978,3.24,0.6,9.3
199,red,7,11,0.3,0.58,2.1,0.054,7,19,0.998,3.31,0.88,10.5
200,white,6,6.8,0.33,0.3,2.1,0.047,35,147,0.9886,3.24,0.56,13.4
201,white,7,6.9,0.25,0.29,2.4,0.038,28,76,0.99088,3.01,0.36,11.7
202,white,7,6.8,0.18,0.3,12.8,0.062,19,171,0.99808,3,0.52,9
203,white,7,6.9,0.33,0.26,5,0.027,46,143,0.9924,3.25,0.43,11.2
204,red,6,6.7,0.42,0.27,8.6,0.068,24,148,0.9948,3.16,0.57,11.3
205,white,6,6.1,0.21,0.3,6.3,0.039,47,136,0.99068,3.27,0.31,12.7
206,white,7,6.6,0.16,0.4,1.5,0.044,48,143,0.9912,3.54,0.52,12.4
207,white,5,8,0.23,0.41,1.1,0.048,35,150,0.99168,3.09,0.47,11.2
208,red,7,9.9,0.35,0.38,1.5,0.058,31,47,0.99676,3.26,0.82,10.6
209,white,7,6.6,0.19,0.35,1.5,0.037,37,107,0.99006,3.18,0.68,12
210,white,6,6.1,0.68,0.52,1.4,0.037,32,123,0.99022,3.24,0.45,12
211,white,5,7.5,0.24,0.62,10.6,0.045,51,153,0.99779,3.16,0.44,8.8
212,white,6,6.2,0.26,0.37,7.1,0.047,54,201,0.99523,3.19,0.48,9.5
213,white,6,5.7,0.21,0.25,1.1,0.035,26,81,0.9902,3.31,0.52,11.4
214,red,7,6.7,0.28,0.28,2.4,0.012,36,100,0.99064,3.26,0.39,11.7
215,white,6,7.5,0.25,0.47,4.1,0.041,95,163,0.99184,2.92,0.59,11.3
216,white,6,8.8,0.36,0.44,1.9,0.04,9,121,0.9953,3.19,0.48,9.9
217,white,6,6.4,0.3,0.36,2,0.052,18,141,0.99273,3.38,0.53,10.5
218,red,6,8,0.38,0.06,1.8,0.078,12,49,0.99625,3.37,0.52,9.9
219,red,6,9.1,0.4,0.57,4.6,0.08,6,20,0.99652,3.28,0.57,12.5
220,white,7,6.8,0.18,0.28,9.8,0.039,29,113,0.99406,3.11,0.45,10.9
221,white,4,6,0.11,0.47,10.6,0.052,69,148,0.9958,2.91,0.34,9.3
222,white,5,7.1,0.32,0.24,13.1,0.05,52,204,0.998,3.1,0.49,8.8
223,white,6,6.6,0.27,0.41,1.3,0.052,16,142,0.9951,3.42,0.47,10
224,white,7,7.4,0.29,0.5,1.8,0.042,35,127,0.9937,3.45,0.5,10.2
225,white,7,6.5,0.16,0.34,1.4,0.029,29,133,0.99108,3.33,0.64,11.5
226,white,6,5.8,0.29,0.38,10.7,0.038,49,136,0.99366,3.11,0.59,11.2
227,white,5,7,0.34,0.1,3.5,0.044,17,63,0.9937,3.01,0.39,9.2
228,red,6,7.2,0.52,0.07,1.4,0.074,5,20,0.9973,3.32,0.81,9.6
229,white,5,7.2,0.15,0.39,1.8,0.043,21,159,0.9948,3.52,0.47,10
230,red,5,8.1,0.725,0.22,2.2,0.072,11,41,0.9967,3.36,0.55,9.1
231,white,6,7.1,0.43,0.3,6.6,0.025,15,138,0.99126,3.18,0.46,12.6
232,red,7,5.3,0.57,0.01,1.7,0.054,5,27,0.9934,3.57,0.84,12.5
233,red,5,8.6,0.47,0.27,2.3,0.055,14,28,0.99516,3.18,0.8,11.2
234,red,3,7.6,1.58,0,2.1,0.137,5,9,0.99476,3.5,0.4,10.9
235,red,6,6.9,0.54,0.04,3,0.077,7,27,0.9987,3.69,0.91,9.4
236,white,5,6.1,0.22,0.31,1.4,0.039,40,129,0.99193,3.45,0.59,10.9
237,white,5,6.1,0.27,0.43,7.5,0.049,65,243,0.9957,3.12,0.47,9
238,white,6,7.8,0.22,0.38,10.3,0.059,28,99,0.9967,3.12,0.47,10
239,red,6,7.1,0.39,0.12,2.1,0.065,14,24,0.99252,3.3,0.53,13.3
240,white,6,5.4,0.205,0.16,12.55,0.051,31,115,0.99564,3.4,0.38,10.8
241,red,5,7,0.42,0.19,2.3,0.071,18,36,0.99476,3.39,0.56,10.9
242,red,4,8.8,0.955,0.05,1.8,0.075,5,19,0.99616,3.3,0.44,9.6
243,white,7,6.9,0.19,0.35,1.7,0.036,33,101,0.99315,3.21,0.54,10.8
244,white,5,6.3,0.3,0.48,7.4,0.053,34,149,0.99472,3.18,0.53,9.8
245,red,6,7.7,0.23,0.37,1.8,0.046,23,60,0.9971,3.41,0.71,12.1
246,white,6,7.7,0.29,0.48,2.3,0.049,36,178,0.9931,3.17,0.64,10.6
247,red,6,5.9,0.29,0.25,13.4,0.067,72,160,0.99721,3.33,0.54,10.3
248,white,6,6.9,0.25,0.35,9.2,0.034,42,150,0.9947,3.21,0.36,11.5
249,red,6,8,0.705,0.05,1.9,0.074,8,19,0.9962,3.34,0.95,10.5
250,white,5,6.2,0.27,0.18,1.5,0.028,20,111,0.99228,3.41,0.5,10
251,red,5,8.4,0.56,0.04,2,0.082,10,22,0.9976,3.22,0.44,9.6
252,red,6,10,0.35,0.47,2,0.061,6,11,0.99585,3.23,0.52,12
253,white,5,5.5,0.24,0.45,1.7,0.046,22,113,0.99224,3.22,0.48,10
254,white,6,8.1,0.33,0.36,7.4,0.037,36,156,0.99592,3.19,0.54,10.6
255,white,6,6.7,0.3,0.49,4.8,0.034,36,158,0.9945,3.12,0.45,9.9
256,white,7,6.8,0.45,0.36,5,0.033,28,156,0.991,3.11,0.4,12.4
257,white,6,7.3,0.23,0.41,14.6,0.048,73,223,0.99863,3.16,0.71,9.4
258,red,6,7.8,0.34,0.37,2,0.082,24,58,0.9964,3.34,0.59,9.4
259,red,5,7.2,0.635,0.07,2.6,0.077,16,86,0.99748,3.51,0.54,9.7
260,white,5,6.1,0.3,0.47,1.4,0.049,50,187,0.9927,3.19,0.45,9.5
261,white,6,6.6,0.085,0.33,1.4,0.036,17,109,0.99306,3.27,0.61,9.5
262,red,5,7.3,0.365,0.49,2.5,0.088,39,106,0.9966,3.36,0.78,11
263,white,5,7.7,0.35,0.46,11.8,0.088,61,183,0.99786,2.86,0.47,9
264,white,6,6.5,0.46,0.24,11.5,0.051,56,171,0.99588,3.08,0.56,9.8
265,white,7,6.5,0.32,0.34,5.7,0.044,27,91,0.99184,3.28,0.6,12
266,white,5,6.5,0.33,0.38,8.3,0.048,68,174,0.99492,3.14,0.5,9.6
267,white,8,5.3,0.24,0.33,1.3,0.033,25,97,0.9906,3.59,0.38,11
268,white,6,5.5,0.3,0.25,1.9,0.029,33,118,0.98972,3.36,0.66,12.5
269,red,5,8.2,0.885,0.2,1.4,0.086,7,31,0.9946,3.11,0.46,10
270,white,5,7,0.31,0.39,7.5,0.055,42,218,0.99652,3.37,0.54,10.3
271,white,6,6.7,0.66,0,13,0.033,32,75,0.99551,3.15,0.5,10.7
272,red,6,8.1,0.545,0.18,1.9,0.08,13,35,0.9972,3.3,0.59,9
273,white,7,7,0.26,0.59,1.4,0.037,40,120,0.9918,3.34,0.41,11.1
274,white,6,6.2,0.3,0.42,2.2,0.036,28,128,0.9901,3.13,0.38,11.6
275,white,6,6.7,0.51,0.24,2.1,0.043,14,155,0.9904,3.22,0.6,13
276,white,6,7.1,0.23,0.23,3.5,0.038,23,112,0.99157,3.05,0.37,11.3666666666667
277,white,5,6.6,0.42,0.13,12.8,0.044,26,158,0.99772,3.24,0.47,9
278,white,5,6.8,0.46,0.26,6.3,0.147,49,159,0.99434,3.14,0.47,10
279,red,7,6.6,0.815,0.02,2.7,0.072,17,34,0.9955,3.58,0.89,12.3
280,white,5,6.6,0.29,0.44,9,0.053,62,178,0.99685,3.02,0.45,8.9
281,white,6,7.3,0.22,0.41,15.4,0.05,55,191,1,3.32,0.59,8.9
282,white,6,6.6,0.3,0.25,8,0.036,21,124,0.99362,3.06,0.38,10.8
283,red,6,11.8,0.38,0.55,2.1,0.071,5,19,0.9986,3.11,0.62,10.8
284,white,6,6.5,0.31,0.61,13,0.053,31,123,0.99708,3.09,0.5,9.3
285,white,6,8.9,0.26,0.33,8.1,0.024,47,202,0.99558,3.13,0.46,10.8
286,red,6,8.8,0.27,0.46,2.1,0.095,20,29,0.99488,3.26,0.56,11.3
287,red,5,9,0.44,0.49,2.4,0.078,26,121,0.9978,3.23,0.58,9.2
288,red,7,7.7,0.58,0.01,1.8,0.088,12,18,0.99568,3.32,0.56,10.5
289,white,5,6.7,0.325,0.82,1.2,0.152,49,120,0.99312,2.99,0.38,9.2
290,white,5,7.4,0.22,0.33,2,0.045,31,101,0.9931,3.42,0.55,11.4
291,white,5,6.2,0.32,0.12,4.8,0.054,6,97,0.99424,3.16,0.5,9.3
292,white,6,6.8,0.24,0.38,8.3,0.045,50,185,0.99578,3.15,0.5,9.5
293,red,5,7.4,0.64,0.07,1.8,0.1,8,23,0.9961,3.3,0.58,9.6
294,white,5,7.7,0.39,0.34,10,0.056,35,178,0.9974,3.26,0.6,10.2
295,red,6,6.8,0.57,0,2.5,0.072,32,64,0.99491,3.43,0.56,11.2
296,white,6,6.7,0.19,0.23,6.2,0.047,36,117,0.9945,3.34,0.43,9.6
297,white,6,6.4,0.23,0.27,2.1,0.042,35,100,0.99094,3.03,0.63,10.9
298,red,7,8.4,0.25,0.39,2,0.041,4,10,0.99386,3.27,0.71,12.5
299,red,6,8.1,0.53,0.22,2.2,0.078,33,89,0.99678,3.26,0.46,9.6
300,white,5,6.1,0.43,0.35,9.1,0.059,83,249,0.9971,3.37,0.5,8.5
301,white,6,6.6,0.17,0.26,7.4,0.052,45,128,0.99388,3.16,0.37,10
302,white,5,6.9,0.29,0.4,19.45,0.043,36,156,0.9996,2.93,0.47,8.9
303,white,6,7.9,0.16,0.3,7.4,0.05,58,152,0.99612,3.12,0.37,9.5
304,red,5,7.2,0.49,0.24,2.2,0.07,5,36,0.996,3.33,0.48,9.4
305,white,5,6.4,0.16,0.31,5.3,0.043,42,157,0.99455,3.35,0.47,10.5
306,red,5,8.7,0.625,0.16,2,0.101,13,49,0.9962,3.14,0.57,11
307,white,5,6.3,0.21,0.29,11.7,0.048,49,147,0.99482,3.22,0.38,10.8
308,white,5,7.1,0.18,0.39,14.5,0.051,48,156,0.99947,3.35,0.78,9.1
309,white,6,6.4,0.17,0.32,2.4,0.048,41,200,0.9938,3.5,0.5,9.7
310,white,6,6.4,0.31,0.27,7.4,0.049,48,169,0.99323,3.27,0.45,11.1
311,white,5,7.2,0.24,0.4,17.85,0.049,50,185,1,3.34,0.42,9.6
312,white,6,6.9,0.31,0.32,1.2,0.024,20,166,0.99208,3.05,0.54,9.8
313,white,5,6.2,0.46,0.25,4.4,0.066,62,207,0.9939,3.25,0.52,9.8
314,red,6,11.9,0.58,0.58,1.9,0.071,5,18,0.998,3.09,0.63,10
315,red,5,9,0.46,0.23,2.8,0.092,28,104,0.9983,3.1,0.56,9.2
316,white,6,6.4,0.33,0.3,7.2,0.041,42,168,0.99331,3.22,0.49,11.1
317,white,5,7.7,0.34,0.58,11.1,0.039,41,151,0.9978,3.06,0.49,8.6
318,red,8,8.6,0.42,0.39,1.8,0.068,6,12,0.99516,3.35,0.69,11.7
319,white,6,6.9,0.3,0.36,0.9,0.037,40,156,0.98968,3.08,0.36,12.1
320,white,6,6.8,0.26,0.26,2,0.019,23.5,72,0.99041,3.16,0.47,11.8
321,white,6,5.9,0.24,0.34,2,0.037,40,108,0.98948,3.19,0.5,12.3
322,white,7,6.8,0.11,0.42,1.1,0.042,51,132,0.99059,3.18,0.74,11.3
323,white,6,7.2,0.32,0.3,8.25,0.02,14,104,0.99362,2.99,0.44,11.4
324,red,6,8,0.18,0.37,0.9,0.049,36,109,0.99007,2.89,0.44,12.7
325,white,6,7.1,0.25,0.3,2.4,0.042,25,122,0.994,3.43,0.61,10.5
326,white,5,6.9,0.35,0.55,11.95,0.038,22,111,0.99687,3.11,0.29,9.7
327,white,6,7.4,0.26,0.31,2.4,0.043,58,178,0.9941,3.42,0.68,10.6
328,white,5,6.8,0.18,0.37,1.6,0.055,47,154,0.9934,3.08,0.45,9.1
329,red,5,9,0.48,0.32,2.8,0.084,21,122,0.9984,3.32,0.62,9.4
330,white,6,6.2,0.15,0.27,1.4,0.041,51,117,0.9909,3.28,0.38,11.2
331,red,5,6.8,0.775,0,3,0.102,8,23,0.9965,3.45,0.56,10.7
332,white,7,7.3,0.145,0.33,1.1,0.042,14,64,0.99012,3.1,0.37,11.8
333,red,5,8,0.57,0.23,3.2,0.073,17,119,0.99675,3.26,0.57,9.3
334,white,5,6.4,0.475,0.06,1,0.03,9,131,0.9904,2.97,0.29,10.8
335,white,5,6.5,0.23,0.36,16.3,0.038,43,133,0.99924,3.26,0.41,8.8
336,red,5,5.9,0.19,0.21,1.7,0.045,57,135,0.99341,3.32,0.44,9.5
337,white,5,6.4,0.21,0.21,5.1,0.097,21,105,0.9939,3.07,0.46,9.6
338,white,7,7.2,0.21,0.28,2.7,0.033,38,94,0.99075,2.99,0.43,11.8
339,white,6,6.3,0.2,0.26,1.6,0.027,36,141,0.99268,3.53,0.56,10.8
340,white,7,7.6,0.29,0.49,9.6,0.03,45,197,0.9938,3.13,0.38,12.3
341,white,6,7.2,0.27,0.28,15.2,0.046,6,41,0.99665,3.17,0.39,10.9
342,white,6,6.7,0.19,0.34,1,0.022,22,94,0.9912,3.23,0.57,11.1
343,white,6,6.4,0.24,0.49,5.8,0.053,25,120,0.9942,3.01,0.98,10.5
344,red,6,5,0.4,0.5,4.3,0.046,29,80,0.9902,3.49,0.66,13.6
345,red,6,8,0.58,0.28,3.2,0.066,21,114,0.9973,3.22,0.54,9.4
346,white,4,6.1,0.6,0,1.3,0.042,24,79,0.9937,3.31,0.38,9.4
347,red,5,7,0.45,0.34,2.7,0.082,16,72,0.998,3.55,0.6,9.5
348,red,7,9.1,0.29,0.33,2.05,0.063,13,27,0.99516,3.26,0.84,11.7
349,white,6,6.6,0.28,0.28,8.5,0.052,55,211,0.9962,3.09,0.55,8.9
350,white,6,6,0.23,0.34,1.3,0.025,23,111,0.98961,3.36,0.37,12.7
351,red,6,8.4,0.36,0.32,2.2,0.081,32,79,0.9964,3.3,0.72,11
352,white,7,6.5,0.23,0.39,1.9,0.036,41,98,0.99,3.19,0.43,11.9
353,white,5,6.9,0.25,0.24,1.8,0.053,6,121,0.993,3.23,0.7,11.4
354,white,7,8.8,0.28,0.45,6,0.022,14,49,0.9934,3.01,0.33,11.1
355,white,7,7.4,0.24,0.26,1.6,0.058,53,150,0.9936,3.18,0.5,9.9
356,white,7,6.5,0.28,0.34,3.6,0.04,29,121,0.99111,3.28,0.48,12.1
357,red,8,11.3,0.62,0.67,5.2,0.086,6,19,0.9988,3.22,0.69,13.4
358,white,6,6.2,0.27,0.43,7.8,0.056,48,244,0.9956,3.1,0.51,9
359,white,7,6,0.28,0.27,15.5,0.036,31,134,0.99408,3.19,0.44,13
360,white,5,7,0.16,0.32,8.3,0.045,38,126,0.9958,3.21,0.34,9.2
361,red,6,7.2,0.45,0.15,2,0.078,10,28,0.99609,3.29,0.51,9.9
362,white,5,6.9,0.28,0.37,9.1,0.037,16,76,0.9948,3.05,0.54,11.1
363,white,5,6.6,0.27,0.33,1.4,0.042,24,183,0.99215,3.29,0.46,10.7
364,white,6,6.4,0.33,0.24,9.8,0.041,29,109,0.9956,3.29,0.47,10.1
365,red,6,8.4,0.37,0.53,1.8,0.413,9,26,0.9979,3.06,1.06,9.1
366,red,5,11.5,0.42,0.48,2.6,0.077,8,20,0.99852,3.09,0.53,11
367,white,5,7.1,0.39,0.35,12.5,0.044,26,72,0.9941,3.17,0.29,11.6
368,white,6,7.3,0.24,0.34,15.4,0.05,38,174,0.9983,3.03,0.42,9
369,white,6,4.9,0.235,0.27,11.75,0.03,34,118,0.9954,3.07,0.5,9.4
370,red,5,7.4,0.53,0.12,1.9,0.165,4,12,0.99702,3.26,0.86,9.2
371,red,5,7.7,0.66,0.04,1.6,0.039,4,9,0.9962,3.4,0.47,9.4
372,white,5,6.6,0.23,0.27,5.6,0.043,43,164,0.9953,3.27,0.76,9.5
373,white,6,6.4,0.21,0.3,5.6,0.044,43,160,0.9949,3.6,0.41,10.6
374,white,5,6.9,0.19,0.33,1.6,0.043,63,149,0.9925,3.44,0.52,10.8
375,red,4,6.2,0.785,0,2.1,0.06,6,13,0.99664,3.59,0.61,10
376,white,7,6.6,0.29,0.39,6.75,0.031,22,98,0.9913,3.15,0.8,12.9
377,white,5,6.6,0.46,0.49,7.4,0.052,19,184,0.9956,3.11,0.38,9
378,white,5,7.2,0.47,0.16,5.9,0.048,14,125,0.99428,3.09,0.49,9.8
379,red,7,15.6,0.685,0.76,3.7,0.1,6,43,1.0032,2.95,0.68,11.2
380,white,6,6.4,0.37,0.37,4.85,0.041,39.5,216.5,0.99432,3.1,0.5,9.8
381,red,5,6.1,0.32,0.25,2.3,0.071,23,58,0.99633,3.42,0.97,10.6
382,white,6,7,0.26,0.34,10.9,0.038,25,84,0.99432,3.11,0.34,10.9
383,white,5,6.8,0.21,0.27,18.15,0.042,41,146,1.0001,3.3,0.36,8.7
384,white,6,6,0.2,0.26,6.8,0.049,22,93,0.9928,3.15,0.42,11
385,white,6,6,0.28,0.34,1.6,0.119,33,104,0.9921,3.19,0.38,10.2
386,white,7,6.6,0.35,0.26,2.7,0.045,19,129,0.98952,3.24,0.48,13
387,white,6,7.6,0.29,0.58,17.5,0.041,51,225,0.9997,3.16,0.66,9.5
388,red,5,7.2,0.41,0.3,2.1,0.083,35,72,0.997,3.44,0.52,9.4
389,white,6,7,0.29,0.49,3.8,0.047,37,136,0.9938,2.95,0.4,9.4
390,white,5,6.6,0.32,0.26,7.7,0.054,56,209,0.9961,3.17,0.45,8.8
391,white,5,7.5,0.27,0.36,7,0.036,45,164,0.9939,3.03,0.33,11
392,white,6,5.2,0.34,0.37,6.2,0.031,42,133,0.99076,3.25,0.41,12.5
393,white,5,6,0.45,0.65,9.7,0.08,11,159,0.9956,3.04,0.48,9.4
394,white,5,9.7,0.14,0.59,1.5,0.049,23,142,0.9958,2.98,0.62,9.5
395,white,6,6.5,0.2,0.35,3.9,0.04,27,140,0.99102,2.98,0.53,11.8
396,white,5,6.5,0.22,0.25,17.1,0.05,44,138,1.0001,3.3,0.37,8.8
397,white,6,6.5,0.22,0.34,12,0.053,55,177,0.9983,3.52,0.44,9.9
398,white,8,7.1,0.45,0.24,2.7,0.04,24,87,0.98862,2.94,0.38,13.4
399,white,6,7.1,0.25,0.32,10.3,0.041,66,272,0.9969,3.17,0.52,9.1
400,white,5,7,0.35,0.31,1.8,0.069,15,162,0.9944,3.18,0.47,9.4
401,white,4,6,0.615,0.04,0.8,0.032,8,50,0.99036,3.14,0.4,11
402,white,7,7,0.35,0.3,6.5,0.028,27,87,0.9936,3.4,0.42,11.4
403,white,6,6.7,0.16,0.34,1.6,0.026,27,109,0.9934,3.34,0.58,10.1
404,white,4,6.8,0.32,0.34,1.2,0.044,14,67,0.9919,3.05,0.47,10.6
405,white,5,7.1,0.2,0.37,1.5,0.049,28,129,0.99226,3.15,0.52,10.8
406,white,5,8.9,0.32,0.49,1.6,0.05,17,131,0.9956,3.13,0.34,9.4
407,white,6,6,0.19,0.29,1.2,0.046,29,92,0.99033,3.22,0.53,11.3
408,white,6,6.3,0.22,0.57,1.4,0.208,14,96,0.9932,3.16,0.43,10
409,white,5,6.3,0.305,0.22,16,0.061,26,141,0.99824,3.08,0.5,9.1
410,red,6,9,0.36,0.52,2.1,0.111,5,10,0.99568,3.31,0.62,11.3
411,white,5,7.4,0.32,0.27,1.4,0.049,38,173,0.99335,3.03,0.52,9.3
412,white,6,6.4,0.16,0.42,1,0.036,29,113,0.9908,3.18,0.52,11
413,red,6,13.3,0.34,0.52,3.2,0.094,17,53,1.0014,3.05,0.81,9.5
414,red,5,10,0.29,0.4,2.9,0.098,10,26,1.0006,3.48,0.91,9.7
415,white,7,6.4,0.15,0.44,1.2,0.043,67,150,0.9907,3.14,0.73,11.2
416,white,6,6.1,0.19,0.37,2.6,0.041,24,99,0.99153,3.18,0.5,10.9
417,white,6,7.3,0.2,0.29,19.5,0.039,69,237,1.00037,3.1,0.48,9.2
418,white,7,7.4,0.16,0.27,15.5,0.05,25,135,0.9984,2.9,0.43,8.7
419,red,7,6.1,0.4,0.16,1.8,0.069,11,25,0.9955,3.42,0.74,10.1
420,white,5,8.2,0.28,0.42,1.8,0.031,30,93,0.9917,3.09,0.39,11.4
421,white,6,7.3,0.26,0.32,1.2,0.041,29,94,0.98978,3.07,0.45,12
422,white,5,5.9,0.44,0.33,1.2,0.049,12,117,0.99134,3.46,0.44,11.5
423,red,5,8.4,1.035,0.15,6,0.073,11,54,0.999,3.37,0.49,9.9
424,white,5,7.6,0.29,0.42,1.3,0.035,18,86,0.9908,2.99,0.39,11.3
425,white,4,6,0.59,0,0.8,0.037,30,95,0.99032,3.1,0.4,10.9
426,white,5,7,0.39,0.31,5.3,0.169,32,162,0.9965,3.2,0.48,9.4
427,white,5,6.6,0.32,0.27,10.9,0.041,37,146,0.9963,3.24,0.47,10
428,red,7,7.8,0.32,0.44,2.7,0.104,8,17,0.99732,3.33,0.78,11
429,white,5,6.5,0.22,0.25,17.1,0.05,44,138,1.0001,3.3,0.37,8.8
430,white,6,7.4,0.15,0.42,1.7,0.045,49,154,0.992,3,0.6,10.4
431,white,5,6.4,0.18,0.74,11.9,0.046,54,168,0.9978,3.58,0.68,10.1
432,white,5,7.9,0.35,0.36,1.6,0.038,11,124,0.9928,3.25,0.48,11
433,white,6,7.8,0.16,0.41,1.7,0.026,29,140,0.991,3.02,0.78,12.5
434,red,4,6.5,0.67,0,4.3,0.057,11,20,0.99488,3.45,0.56,11.8
435,white,4,6.9,0.26,0.49,1.6,0.058,39,166,0.9965,3.65,0.52,9.4
436,red,5,8.8,0.41,0.64,2.2,0.093,9,42,0.9986,3.54,0.66,10.5
437,white,7,5.6,0.24,0.34,2,0.041,14,73,0.98981,3.04,0.45,11.6
438,white,7,5.1,0.33,0.22,1.6,0.027,18,89,0.9893,3.51,0.38,12.5
439,white,6,7.4,0.3,0.3,5.2,0.053,45,163,0.9941,3.12,0.45,10.3
440,white,5,6,0.45,0.42,1.1,0.051,61,197,0.9932,3.02,0.4,9
441,red,5,8.4,0.715,0.2,2.4,0.076,10,38,0.99735,3.31,0.64,9.4
442,red,5,8.1,0.82,0,4.1,0.095,5,14,0.99854,3.36,0.53,9.6
443,red,6,9.3,0.36,0.39,1.5,0.08,41,55,0.99652,3.47,0.73,10.9
444,red,5,7.3,0.45,0.36,5.9,0.074,12,87,0.9978,3.33,0.83,10.5
445,white,6,7.5,0.29,0.67,8.1,0.037,53,166,0.9966,2.9,0.41,8.9
446,white,6,6.2,0.15,0.49,0.9,0.033,17,51,0.9932,3.3,0.7,9.4
447,white,8,6.2,0.22,0.49,6,0.029,31,128,0.9928,3.41,0.36,11.3
448,white,6,7.2,0.23,0.32,8.5,0.058,47,186,0.9956,3.19,0.4,9.9
449,white,7,6.4,0.31,0.28,1.5,0.037,12,119,0.9919,3.32,0.51,10.4
450,white,6,7.1,0.23,0.35,16.5,0.04,60,171,0.999,3.16,0.59,9.1
451,white,4,5.3,0.47,0.1,1.3,0.036,11,74,0.99082,3.48,0.54,11.2
452,white,6,6.4,0.38,0.2,5.3,0.117,57,181,0.99459,3.24,0.43,9.5
453,red,5,7.7,0.705,0.1,2.6,0.084,9,26,0.9976,3.39,0.49,9.7
454,red,5,8.4,0.6,0.1,2.2,0.085,14,111,0.9964,3.15,0.66,9.8
455,white,5,7.2,0.14,0.35,1.2,0.036,15,73,0.9938,3.46,0.39,9.9
456,white,5,7.7,0.3,0.23,2,0.068,28,138,0.99382,3.11,0.62,9.8
457,white,5,6.7,0.24,0.33,12.3,0.046,31,145,0.9983,3.36,0.4,9.5
458,red,6,8.2,0.44,0.24,2.3,0.063,10,28,0.99613,3.25,0.53,10.2
459,white,5,6.4,0.32,0.26,7.9,0.05,53,180,0.99514,3.14,0.5,9.6
460,red,6,10.3,0.53,0.48,2.5,0.063,6,25,0.9998,3.12,0.59,9.3
461,red,5,8.3,0.65,0.1,2.9,0.089,17,40,0.99803,3.29,0.55,9.5
462,white,5,6.8,0.29,0.5,13.3,0.053,48,194,0.9974,3.09,0.45,9.4
463,white,6,5.9,0.18,0.29,4.6,0.032,68,137,0.99159,3.21,0.38,11.3
464,white,6,6.4,0.17,0.34,1.5,0.093,43,136,0.9938,3.25,0.49,9.6
465,white,5,8.6,0.36,0.26,11.1,0.03,43.5,171,0.9948,3.03,0.49,12
466,white,6,7,0.21,0.28,8.7,0.045,37,222,0.9954,3.25,0.54,10.4
467,white,5,5.8,0.25,0.26,13.1,0.051,44,148,0.9972,3.29,0.38,9.3
468,red,6,7.6,0.4,0.29,1.9,0.078,29,66,0.9971,3.45,0.59,9.5
469,white,7,7.1,0.26,0.34,14.4,0.067,35,189,0.9986,3.07,0.53,9.1
470,red,7,6.6,0.56,0.14,2.4,0.064,13,29,0.99397,3.42,0.62,11.7
471,red,6,7.1,0.59,0,2.2,0.078,26,44,0.99522,3.42,0.68,10.8
472,white,7,7.5,0.23,0.49,7.7,0.049,61,209,0.9941,3.14,0.3,11.1
473,white,6,7.6,0.3,0.22,10.2,0.049,57,191,0.9966,3.08,0.4,9.3
474,white,6,8.2,0.2,0.36,8.1,0.035,60,163,0.9952,3.05,0.3,10.3
475,white,6,6.8,0.27,0.28,7.8,0.038,26,89,0.9915,3.24,0.34,12.5
476,white,6,6.3,0.29,0.23,14.2,0.037,24,99,0.99528,3.08,0.38,10.6
477,red,5,7,0.57,0.02,2,0.072,17,26,0.99575,3.36,0.61,10.2
478,white,7,7.4,0.21,0.27,7.3,0.031,41,144,0.9932,3.15,0.38,11.8
479,red,6,8.8,0.61,0.19,4,0.094,30,69,0.99787,3.22,0.5,10
480,white,7,6.5,0.22,0.32,2.2,0.028,36,92,0.99076,3.27,0.59,11.9
481,red,5,11.3,0.37,0.41,2.3,0.088,6,16,0.9988,3.09,0.8,9.3
482,red,6,10.4,0.52,0.45,2,0.08,6,13,0.99774,3.22,0.76,11.4
483,white,6,6.6,0.24,0.27,1.4,0.057,33,152,0.9934,3.22,0.56,9.5
484,red,5,9.8,0.88,0.25,2.5,0.104,35,155,1.001,3.41,0.67,11.2
485,white,6,7,0.13,0.3,5,0.056,31,122,0.9945,3.47,0.42,10.5
486,white,7,6.2,0.3,0.32,1.7,0.032,30,130,0.9911,3.28,0.41,11.2
487,red,5,7.6,0.49,0.26,1.6,0.236,10,88,0.9968,3.11,0.8,9.3
488,white,5,6.8,0.39,0.35,11.6,0.044,57,220,0.99775,3.07,0.53,9.3
489,white,5,7.6,0.27,0.32,1.2,0.043,23,72,0.99236,3.06,0.68,10.5
490,white,5,6.5,0.25,0.27,15.2,0.049,75,217,0.9972,3.19,0.39,9.9
491,white,5,7.2,0.2,0.22,1.6,0.044,17,101,0.99471,3.37,0.53,10
492,white,7,6.9,0.21,0.33,1.8,0.034,48,136,0.9899,3.25,0.41,12.6
493,white,6,7.5,0.35,0.37,2.5,0.066,29,89,0.98964,3.14,0.42,12.7
494,white,6,6,0.31,0.32,7.4,0.175,47,159,0.9952,3.19,0.5,9.4
495,white,6,7.3,0.28,0.54,12.9,0.049,62,162.5,0.9984,3.06,0.45,9.1
496,white,5,6,0.28,0.49,6.8,0.048,61,222,0.9953,3.19,0.47,9.3
497,white,6,7.2,0.18,0.45,4.4,0.046,57,166,0.9943,3.13,0.62,11.2
498,white,6,8.1,0.2,0.49,8.1,0.051,51,205,0.9954,3.1,0.52,11
499,red,5,8.1,0.87,0,2.2,0.084,10,31,0.99656,3.25,0.5,9.8
500,white,5,8.1,0.27,0.41,1.45,0.033,11,63,0.9908,2.99,0.56,12
501,white,5,6.2,0.32,0.12,4.8,0.054,6,97,0.99424,3.16,0.5,9.3
502,red,5,8,1.18,0.21,1.9,0.083,14,41,0.99532,3.34,0.47,10.5
503,white,5,6.4,0.34,0.1,1.1,0.048,19,84,0.9927,3.21,0.38,9.8
504,white,6,7,0.13,0.37,12.85,0.042,36,105,0.99581,3.05,0.55,10.7
505,white,6,7,0.25,0.32,9,0.046,56,245,0.9955,3.25,0.5,10.4
506,red,5,10,0.69,0.11,1.4,0.084,8,24,0.99578,2.88,0.47,9.7
507,white,5,6.8,0.31,0.09,1.4,0.04,56,145,0.9922,3.19,0.46,10
508,white,5,6,0.28,0.22,12.15,0.048,42,163,0.9957,3.2,0.46,10.1
509,white,7,8.6,0.2,0.42,1.5,0.041,35,125,0.9925,3.11,0.49,11.4
510,red,7,7.5,0.52,0.16,1.9,0.085,12,35,0.9968,3.38,0.62,9.5
511,white,5,6.9,0.29,0.23,8.6,0.056,56,215,0.9967,3.17,0.44,8.8
512,white,6,6.5,0.41,0.24,14,0.048,24,113,0.9982,3.44,0.53,9.8
513,red,6,7.5,0.52,0.42,2.3,0.087,8,38,0.9972,3.58,0.61,10.5
514,red,5,9,0.69,0,2.4,0.088,19,38,0.999,3.35,0.6,9.3
515,white,5,6.4,0.22,0.31,13.9,0.04,57,135,0.99672,3.21,0.38,10.7
516,white,6,6.1,0.19,0.37,2.6,0.041,24,99,0.99153,3.18,0.5,10.9
517,white,8,7.3,0.19,0.27,13.9,0.057,45,155,0.99807,2.94,0.41,8.8
518,red,7,8.9,0.28,0.45,1.7,0.067,7,12,0.99354,3.25,0.55,12.3
519,white,6,7,0.27,0.36,20.7,0.045,45,170,1.001,3,0.45,8.8
520,white,5,5.2,0.22,0.46,6.2,0.066,41,187,0.99362,3.19,0.42,9.73333333333333
521,white,5,7.4,0.26,0.37,9.4,0.047,42,147,0.9982,3.46,0.72,10
522,red,5,6.5,0.46,0.14,2.4,0.114,9,37,0.99732,3.66,0.65,9.8
523,white,6,5.6,0.23,0.25,8,0.043,31,101,0.99429,3.19,0.42,10.4
524,white,7,6.1,0.24,0.26,1.7,0.033,61,134,0.9903,3.19,0.81,11.9
525,white,7,7.2,0.32,0.24,5.6,0.033,23,120,0.99334,2.92,0.66,10.3
526,white,6,6.6,0.23,0.3,14.9,0.051,33,118,0.99835,3.04,0.54,9
527,red,6,9.3,0.36,0.39,1.5,0.08,41,55,0.99652,3.47,0.73,10.9
528,white,5,6.9,0.34,0.74,11.2,0.069,44,150,0.9968,3,0.81,9.2
529,white,6,7.6,0.27,0.52,3.2,0.043,28,152,0.99129,3.02,0.53,11.4
530,white,6,7.1,0.25,0.31,2.3,0.05,32,156,0.9914,3.14,0.51,11.4
531,white,6,7.3,0.26,0.36,5.2,0.04,31,141,0.9931,3.16,0.59,11
532,white,5,6.6,0.27,0.33,1.4,0.042,24,183,0.99215,3.29,0.46,10.7
533,white,6,6.7,0.33,0.49,1.6,0.167,20,94,0.9914,3.11,0.5,11.4
534,white,6,5.6,0.32,0.33,7.4,0.037,25,95,0.99268,3.25,0.49,11.1
535,white,5,7.5,0.28,0.41,1.3,0.044,11,126,0.99293,3.28,0.45,10.3
536,white,6,6.4,0.27,0.29,3.9,0.034,62,140,0.99237,3.1,0.59,11.1
537,white,6,7.5,0.21,0.34,1.2,0.06,26,111,0.9931,3.51,0.47,10.7
538,red,5,7.6,0.54,0.13,2.5,0.097,24,66,0.99785,3.39,0.61,9.4
539,white,6,7.9,0.14,0.28,1.8,0.041,44,178,0.9954,3.45,0.43,9.2
540,white,5,7,0.34,0.39,6.9,0.066,43,162,0.99561,3.11,0.53,9.5
541,white,7,7.1,0.21,0.32,2.2,0.037,28,141,0.993,3.2,0.57,10
542,red,5,10,0.32,0.59,2.2,0.077,3,15,0.9994,3.2,0.78,9.6
543,white,6,5,0.235,0.27,11.75,0.03,34,118,0.9954,3.07,0.5,9.4
544,red,7,10.7,0.52,0.38,2.6,0.066,29,56,0.99577,3.15,0.79,12.1
545,white,5,7,0.23,0.42,18.05,0.05,35,144,0.9999,3.22,0.42,8.8
546,white,6,6.5,0.29,0.25,10.6,0.039,32,120,0.9962,3.31,0.34,10.1
547,white,5,6,0.28,0.29,19.3,0.051,36,174,0.99911,3.14,0.5,9
548,white,4,6.4,0.27,0.19,1.9,0.085,21,196,0.99516,3.49,0.64,9.5
549,red,5,5.9,0.46,0,1.9,0.077,25,44,0.99385,3.5,0.53,11.2
550,red,6,7,0.65,0.02,2.1,0.066,8,25,0.9972,3.47,0.67,9.5
551,red,6,8.9,0.29,0.35,1.9,0.067,25,57,0.997,3.18,1.36,10.3
552,red,5,8.2,0.5,0.35,2.9,0.077,21,127,0.9976,3.23,0.62,9.4
553,white,5,7.7,0.34,0.3,8,0.048,25,192,0.9951,2.97,0.47,10.9
554,white,6,6.2,0.3,0.28,1.6,0.036,28,106,0.988245,3.14,0.41,13.3
555,red,5,7.1,0.56,0.14,1.6,0.078,7,18,0.99592,3.27,0.62,9.3
556,red,4,8.2,0.915,0.27,2.1,0.088,7,23,0.9962,3.26,0.47,10
557,white,7,5.1,0.26,0.33,1.1,0.027,46,113,0.98946,3.35,0.43,11.4
558,white,6,7.5,0.14,0.74,1.6,0.035,21,126,0.9933,3.26,0.45,10.2
559,red,6,9.1,0.795,0,2.6,0.096,11,26,0.9994,3.35,0.83,9.4
560,white,7,5.5,0.32,0.45,4.9,0.028,25,191,0.9922,3.51,0.49,11.5
561,white,6,6.9,0.54,0.26,12.7,0.049,59,195,0.99596,3.26,0.54,10.5
562,white,7,6.45,0.14,0.42,1.2,0.05,51,129,0.99116,3.27,0.69,11.1
563,white,6,6.2,0.23,0.36,17.2,0.039,37,130,0.99946,3.23,0.43,8.8
564,white,5,5.7,0.24,0.47,6.3,0.069,35,182,0.99391,3.11,0.46,9.73333333333333
565,white,6,7.7,0.27,0.49,3.8,0.037,46,139,0.99116,3.04,0.38,11.6
566,white,5,8.3,0.21,0.49,19.8,0.054,50,231,1.0012,2.99,0.54,9.2
567,white,5,6.3,0.36,0.2,2,0.048,48,191,0.9929,3.17,0.51,9.6
568,white,6,6.3,0.28,0.3,6.6,0.208,60,154,0.99478,3.1,0.4,9.4
569,white,6,7.3,0.16,0.35,1.5,0.036,29,108,0.99342,3.27,0.51,10.2
570,white,6,7,0.24,0.3,4.2,0.04,41,213,0.9927,3.28,0.49,11.8
571,white,5,7.1,0.27,0.31,18.2,0.046,55,252,1,3.07,0.56,8.7
572,white,7,6.3,0.22,0.43,4.55,0.038,31,130,0.9918,3.35,0.33,11.5
573,white,6,7.3,0.29,0.29,4.6,0.029,27,155,0.9931,3.07,0.26,10.6
574,white,6,7.3,0.2,0.29,19.9,0.039,69,237,1.00037,3.1,0.48,9.2
575,white,5,6.4,0.33,0.44,8.9,0.055,52,164,0.99488,3.1,0.48,9.6
576,white,6,6.8,0.24,0.29,9.5,0.042,56,157,0.99586,3.11,0.51,10.1
577,white,6,8.2,0.3,0.44,12.4,0.043,52,154,0.99452,3.04,0.33,12
578,white,6,7.6,0.22,0.28,12,0.056,68,143,0.9983,2.99,0.3,9.2
579,white,7,6.6,0.34,0.24,3.3,0.034,29,99,0.99031,3.1,0.4,12.3
580,white,7,7,0.22,0.26,2.8,0.036,44,132,0.99078,3.34,0.41,12
581,white,7,7.7,0.24,0.29,15.3,0.044,39,194,0.9982,3.06,0.47,9.6
582,white,5,7,0.24,0.3,6.7,0.039,37,125,0.99436,3.2,0.39,9.9
583,white,6,5.3,0.31,0.38,10.5,0.031,53,140,0.99321,3.34,0.46,11.7
584,white,6,6.4,0.23,0.3,7.1,0.037,63,236,0.9952,3.06,0.34,9.2
585,red,5,8.4,0.745,0.11,1.9,0.09,16,63,0.9965,3.19,0.82,9.6
586,white,4,6.9,0.2,0.34,1.9,0.043,25,136,0.9935,3.31,0.6,10.1
587,white,6,6.1,0.34,0.46,4.7,0.029,21,94,0.991,3.29,0.62,12.3
588,white,6,6.8,0.19,0.33,4.9,0.047,42,130,0.99283,3.12,0.56,11
589,red,3,10.4,0.44,0.42,1.5,0.145,34,48,0.99832,3.38,0.86,9.9
590,red,5,6.6,0.61,0.01,1.9,0.08,8,25,0.99746,3.69,0.73,10.5
591,white,6,8,0.36,0.43,10.1,0.053,29,146,0.9982,3.4,0.46,9.5
592,white,6,6.2,0.35,0.29,7.3,0.044,56,244,0.9956,3.36,0.55,10
593,white,8,7.1,0.25,0.39,2.1,0.036,30,124,0.9908,3.28,0.43,12.2
594,white,8,7,0.15,0.38,2.2,0.047,33,96,0.9928,3.13,0.39,10.4
595,white,6,7,0.27,0.74,1.3,0.173,34,121,0.99334,3.04,0.46,9.2
596,white,7,5.8,0.18,0.37,1.2,0.036,19,74,0.98853,3.09,0.49,12.7
597,red,5,8.2,0.6,0.17,2.3,0.072,11,73,0.9963,3.2,0.45,9.3
598,white,5,7.2,0.39,0.62,11,0.047,66,178,0.9976,3.16,0.5,8.7
599,white,5,6,0.26,0.15,1.3,0.06,51,154,0.99354,3.14,0.51,8.7
600,white,5,6.6,0.27,0.25,3.1,0.052,41,188,0.9915,3.24,0.4,11.3
601,white,4,6.8,0.73,0.2,6.6,0.054,25,65,0.99324,3.12,0.28,11.1
602,white,5,4.9,0.335,0.14,1.3,0.036,69,168,0.99212,3.47,0.46,10.4666666666667
603,white,8,6.6,0.16,0.32,1.4,0.035,49,186,0.9906,3.35,0.64,12.4
604,white,6,8,0.3,0.36,11,0.034,8,70,0.99354,3.05,0.41,12.2
605,white,7,5.8,0.32,0.38,4.75,0.033,23,94,0.991,3.42,0.42,11.8
606,white,6,6.5,0.29,0.52,7.9,0.049,35,192,0.99551,3.16,0.51,9.5
607,white,6,7.5,0.18,0.31,6.5,0.029,53,160,0.99276,3.03,0.38,10.9
608,white,6,6.5,0.26,0.28,12.5,0.046,80,225,0.99685,3.18,0.41,10
609,red,4,6.9,0.48,0.2,1.9,0.082,9,23,0.99585,3.39,0.43,9.05
610,red,6,8,0.3,0.63,1.6,0.081,16,29,0.99588,3.3,0.78,10.8
611,white,7,6.8,0.18,0.35,5.4,0.054,53,143,0.99287,3.1,0.54,11
612,white,7,7.8,0.26,0.31,3.6,0.025,22,100,0.99066,2.99,0.47,12.1
613,red,5,9.8,0.39,0.43,1.65,0.068,5,11,0.99478,3.19,0.46,11.4
614,white,6,7.5,0.29,0.67,8.1,0.037,53,166,0.9966,2.9,0.41,8.9
615,white,6,6.4,0.22,0.49,7.5,0.054,42,151,0.9948,3.27,0.52,10.1
616,white,5,6.4,0.26,0.43,12.6,0.033,64,230,0.9974,3.08,0.38,8.9
617,white,6,6.6,0.34,0.4,8.1,0.046,68,170,0.99494,3.15,0.5,9.53333333333333
618,white,7,5.9,0.32,0.28,4.7,0.039,34,94,0.98964,3.22,0.57,13.1
619,white,6,6.9,0.18,0.3,2,0.038,39,190,0.9914,3.32,0.37,12.2
620,white,8,6.5,0.18,0.34,1.6,0.04,43,148,0.9912,3.32,0.59,11.5
621,white,6,7.4,0.26,0.29,3.7,0.048,14,73,0.9915,3.06,0.45,11.4
622,white,6,8.5,0.17,0.74,3.6,0.05,29,128,0.9928,3.28,0.4,12.4
623,white,7,5.8,0.31,0.32,4.5,0.024,28,94,0.98906,3.25,0.52,13.7
624,white,6,7.8,0.26,0.74,7.5,0.044,59,160,0.996,3.22,0.64,10
625,white,5,7.3,0.22,0.37,15.5,0.048,70,203,0.99899,3.25,0.77,9.4
626,red,5,8.1,0.56,0.28,1.7,0.368,16,56,0.9968,3.11,1.28,9.3
627,white,8,7.1,0.47,0.29,14.8,0.024,22,142,0.99518,3.12,0.48,12
628,red,5,9.2,0.58,0.2,3,0.081,15,115,0.998,3.23,0.59,9.5
629,red,7,8.5,0.32,0.42,2.3,0.075,12,19,0.99434,3.14,0.71,11.8
630,white,6,6.7,0.18,0.24,10.3,0.057,64,185,0.99519,3.12,0.5,10.6
631,red,5,9.6,0.68,0.24,2.2,0.087,5,28,0.9988,3.14,0.6,10.2
632,red,5,10.2,0.67,0.39,1.9,0.054,6,17,0.9976,3.17,0.47,10
633,red,6,11.4,0.36,0.69,2.1,0.09,6,21,1,3.17,0.62,9.2
634,white,7,6.4,0.105,0.29,1.1,0.035,44,140,0.99142,3.17,0.55,10.7
635,red,5,7,0.6,0.3,4.5,0.068,20,110,0.99914,3.3,1.17,10.2
636,white,4,7.9,0.28,0.32,3.6,0.038,9,76,0.992,3.05,0.31,11.7
637,white,6,6.9,0.31,0.32,1.2,0.024,20,166,0.99208,3.05,0.54,9.8
638,white,5,6.8,0.36,0.32,1.6,0.039,10,124,0.9948,3.3,0.67,9.6
639,white,5,6.1,0.24,0.3,1.5,0.045,22,61,0.992,3.31,0.54,10.4
640,white,8,7,0.17,0.74,12.8,0.045,24,126,0.9942,3.26,0.38,12.2
641,red,5,8.9,0.62,0.18,3.8,0.176,52,145,0.9986,3.16,0.88,9.2
642,red,7,9.3,0.33,0.45,1.5,0.057,19,37,0.99498,3.18,0.89,11.1
643,white,5,6.1,0.17,0.21,1.9,0.09,44,130,0.99255,3.07,0.41,9.7
644,white,7,6.7,0.16,0.37,1.3,0.036,45,125,0.98964,3.19,0.51,12.4
645,white,5,6.2,0.36,0.14,8.9,0.036,38,155,0.99622,3.27,0.5,9.4
646,white,7,7.8,0.28,0.32,9,0.036,34,115,0.9952,3.17,0.39,10.3
647,white,6,6.7,0.26,0.3,1.8,0.043,25,121,0.9944,3.44,0.61,10.2
648,red,7,11.6,0.53,0.66,3.65,0.121,6,14,0.9978,3.05,0.74,11.5
649,red,7,7.2,0.25,0.37,2.5,0.063,11,41,0.99439,3.52,0.8,12.4
650,white,5,6.6,0.23,0.18,8.5,0.044,59,188,0.99558,3.16,0.49,9.5
651,white,5,6.6,0.27,0.31,5.3,0.137,35,163,0.9951,3.2,0.38,9.3
652,white,6,6.7,0.24,0.41,8.7,0.036,29,148,0.9952,3.22,0.62,9.9
653,white,6,8.1,0.34,0.28,7.5,0.04,70,230,0.99558,3.14,0.55,9.8
654,white,6,8.1,0.12,0.38,0.9,0.034,36,86,0.99026,2.8,0.55,12
655,white,6,5.9,0.28,0.34,3.6,0.04,50,194,0.9912,3.31,0.52,11.6
656,white,6,7,0.28,0.33,14.6,0.043,47,168,0.9994,3.34,0.67,8.8
657,white,6,10,0.2,0.39,1.4,0.05,19,152,0.994,3,0.42,10.4
658,white,6,7.8,0.4,0.26,9.5,0.059,32,178,0.9955,3.04,0.43,10.9
659,white,6,8,0.24,0.33,1.2,0.044,28,101,0.99035,3.03,0.43,12.5
660,white,7,6.5,0.08,0.33,1.9,0.028,23,93,0.991,3.34,0.7,12
661,white,6,6.8,0.19,0.4,9.85,0.055,41,103,0.99532,2.98,0.56,10.5
662,white,6,6.6,0.54,0.21,16.3,0.055,41,182,0.9986,3.35,0.54,10.4
663,white,7,7.2,0.16,0.29,1,0.031,40,123,0.98958,3.12,0.4,12.1
664,white,7,6.6,0.29,0.29,1.8,0.036,38,102,0.98819,3.08,0.42,13.7
665,white,5,7.1,0.29,0.3,16,0.036,58,201,0.99954,3.3,0.67,9
666,white,5,5.9,0.29,0.33,7.4,0.037,58,205,0.99495,3.26,0.41,9.6
667,white,6,5.8,0.39,0.47,7.5,0.027,12,88,0.9907,3.38,0.45,14
668,white,7,7.2,0.37,0.15,2,0.029,27,87,0.9903,3.3,0.59,12.6
669,white,5,8.3,0.36,0.57,15,0.052,35,256,1.0001,2.93,0.64,8.6
670,red,6,11.6,0.475,0.4,1.4,0.091,6,28,0.99704,3.07,0.65,10.0333333333333
671,white,6,7.7,0.3,0.34,1.2,0.048,4,119,0.99084,3.18,0.34,12.1
672,white,6,6.4,0.17,0.27,9.9,0.047,26,101,0.99596,3.34,0.5,9.9
673,red,6,6.9,0.54,0.3,2.2,0.088,9,105,0.99725,3.25,1.18,10.5
674,red,5,8.2,0.56,0.23,3.4,0.078,14,104,0.9976,3.28,0.62,9.4
675,white,5,5.7,0.255,0.65,1.2,0.079,17,137,0.99307,3.2,0.42,9.4
676,white,7,6.1,0.27,0.31,1.5,0.035,17,83,0.99076,3.32,0.44,11.1
677,red,5,12.3,0.5,0.49,2.2,0.089,5,14,1.0002,3.19,0.44,9.6
678,white,5,6.5,0.22,0.31,3.9,0.046,17,106,0.99098,3.15,0.31,11.5
679,red,6,11.5,0.31,0.51,2.2,0.079,14,28,0.9982,3.03,0.93,9.8
680,white,6,6.7,0.39,0.31,2.7,0.054,27,202,0.9948,3.46,0.57,10.5
681,red,6,7.4,0.62,0.05,1.9,0.068,24,42,0.9961,3.42,0.57,11.5
682,red,6,9,0.43,0.34,2.5,0.08,26,86,0.9987,3.38,0.62,9.5
683,red,7,9.3,0.37,0.44,1.6,0.038,21,42,0.99526,3.24,0.81,10.8
684,white,5,8.5,0.17,0.31,1,0.024,13,91,0.993,2.79,0.37,10.1
685,white,5,6.8,0.21,0.55,14.6,0.053,34,159,0.99805,2.93,0.44,9.2
686,white,5,7.6,0.2,0.68,12.9,0.042,56,160,0.99841,3.05,0.41,8.7
687,white,7,6.9,0.22,0.37,15,0.053,59,178,0.9992,3.37,0.82,9.5
688,white,5,6.8,0.18,0.21,5.4,0.053,34,104,0.99445,3.3,0.43,9.4
689,white,6,8.6,0.37,0.7,12.15,0.039,21,158,0.9983,3,0.73,9.3
690,white,6,6.3,0.27,0.25,5.8,0.038,52,155,0.995,3.28,0.38,9.4
691,white,5,6.8,0.26,0.4,7.5,0.046,45,179,0.99583,3.2,0.49,9.3
692,white,5,6.8,0.25,0.18,1.4,0.056,13,137,0.9935,3.11,0.42,9.5
693,white,6,6,0.25,0.4,5.7,0.052,56,152,0.99398,3.16,0.88,10.5
694,white,6,8,0.18,0.37,1.3,0.04,15,96,0.9912,3.06,0.61,12.1
695,red,6,7.5,0.51,0.02,1.7,0.084,13,31,0.99538,3.36,0.54,10.5
696,white,5,6.4,0.41,0.01,6.1,0.048,20,70,0.99362,3.19,0.42,10
697,white,6,6.2,0.29,0.23,12.4,0.048,33,201,0.99612,3.11,0.56,9.9
698,white,6,6.7,0.23,0.33,8.1,0.048,45,176,0.99472,3.11,0.52,10.1
699,white,7,6.6,0.2,0.32,1.1,0.039,25,78,0.9926,3.39,0.54,10.2
700,white,7,6,0.13,0.28,5.7,0.038,56,189.5,0.9948,3.59,0.43,10.6
701,white,5,7.5,0.21,0.68,10.9,0.045,38,133,0.9978,3,0.36,8.7
702,white,6,7.9,0.34,0.44,6.5,0.027,47,126,0.99124,2.96,0.37,12.5
703,white,5,7.2,0.31,0.26,7.3,0.05,37,157,0.99625,3.09,0.43,9
704,white,5,6.2,0.24,0.22,7.9,0.053,45,149,0.99545,3.23,0.52,9.3
705,white,8,7.3,0.25,0.36,2.1,0.034,30,177,0.99085,3.25,0.4,11.9
706,white,5,7.2,0.47,0.65,8.3,0.083,27,182,0.9964,3,0.35,9.2
707,white,6,6.6,0.27,0.25,1.2,0.033,36,111,0.98918,3.16,0.37,12.4
708,white,5,6.9,0.32,0.17,7.6,0.042,69,219,0.9959,3.13,0.4,8.9
709,white,6,6.8,0.2,0.38,4.7,0.04,27,103,0.994,3.37,0.58,10.7
710,red,6,7.3,0.43,0.24,2.5,0.078,27,67,0.99648,3.6,0.59,11.1
711,white,5,5.9,0.26,0.25,12.5,0.034,38,152,0.9977,3.33,0.43,9.4
712,white,5,5.8,0.29,0.05,0.8,0.038,11,30,0.9924,3.36,0.35,9.2
713,white,5,6,0.26,0.5,2.2,0.048,59,153,0.9928,3.08,0.61,9.8
714,white,5,7.4,0.18,0.3,8.8,0.064,26,103,0.9961,2.94,0.56,9.3
715,white,6,5.7,0.12,0.26,5.5,0.034,21,99,0.99324,3.09,0.57,9.9
716,red,5,15.9,0.36,0.65,7.5,0.096,22,71,0.9976,2.98,0.84,14.9
717,white,6,7,0.22,0.3,1.4,0.04,14,63,0.98985,3.2,0.33,12
718,red,6,11.2,0.67,0.55,2.3,0.084,6,13,1,3.17,0.71,9.5
719,white,6,7.1,0.17,0.4,14.55,0.047,47,156,0.99945,3.34,0.78,9.1
720,red,5,11.3,0.37,0.5,1.8,0.09,20,47,0.99734,3.15,0.57,10.5
721,white,5,5.8,0.415,0.13,1.4,0.04,11,64,0.9922,3.29,0.52,10.5
722,red,6,7.1,0.6,0,1.8,0.074,16,34,0.9972,3.47,0.7,9.9
723,red,4,7.9,0.885,0.03,1.8,0.058,4,8,0.9972,3.36,0.33,9.1
724,white,5,8.3,0.36,0.57,15,0.052,35,256,1.0001,2.93,0.64,8.6
725,red,6,9.5,0.735,0.1,2.1,0.079,6,31,0.9986,3.23,0.56,10.1
726,white,5,6.8,0.32,0.34,6,0.05,5,129,0.9953,3.19,0.4,9.1
727,white,6,6.3,0.23,0.33,6.9,0.052,23,118,0.9938,3.23,0.46,10.4
728,white,6,6.9,0.14,0.38,1,0.041,22,81,0.99043,3.03,0.54,11.4
729,white,6,6.6,0.25,0.34,3,0.054,22,141,0.99338,3.26,0.47,10.4
730,white,6,7.8,0.4,0.49,7.8,0.06,34,162,0.9966,3.26,0.58,11.3
731,white,5,6.8,0.24,0.34,4.6,0.032,37,135,0.9927,3.2,0.39,10.6
732,white,6,7,0.22,0.24,11,0.041,75,167,0.99508,2.98,0.56,10.5
733,red,7,10.2,0.49,0.63,2.9,0.072,10,26,0.9968,3.16,0.78,12.5
734,white,6,6.4,0.23,0.33,1.15,0.044,15.5,217.5,0.992,3.33,0.44,11
735,white,7,7,0.2,0.34,2.1,0.049,12,136,0.9922,3.25,0.46,11.6
736,white,6,6.8,0.15,0.41,12.9,0.044,79.5,183,0.99742,3.24,0.78,10.2
737,white,5,8,0.18,0.49,1.8,0.061,10,145,0.9942,3.23,0.48,10
738,white,7,6.8,0.23,0.3,1.7,0.043,19,95,0.99207,3.17,0.46,10.7
739,white,7,6.6,0.12,0.25,1.4,0.039,21,131,0.99114,3.2,0.45,11.2
740,red,8,9.1,0.4,0.5,1.8,0.071,7,16,0.99462,3.21,0.69,12.5
741,white,6,6.1,0.23,0.27,9.8,0.055,74,134,0.99534,3.16,0.4,10.2
742,red,6,10.4,0.26,0.48,1.9,0.066,6,10,0.99724,3.33,0.87,10.9
743,white,5,7,0.47,0.07,1.1,0.035,17,151,0.991,3.02,0.34,10.5
744,white,6,7.4,0.36,0.33,1.4,0.025,27,55,0.9915,3.21,0.33,11.2
745,white,6,7.1,0.18,0.42,1.4,0.045,47,157,0.9916,2.95,0.31,10.5
746,white,7,6.8,0.39,0.34,7.4,0.02,38,133,0.99212,3.18,0.44,12
747,white,6,6,0.27,0.32,3.6,0.035,36,133,0.99215,3.23,0.46,10.8
748,white,5,6.4,0.23,0.35,10.3,0.042,54,140,0.9967,3.23,0.47,9.2
749,white,6,6.1,0.27,0.32,6.2,0.048,47,161,0.99281,3.22,0.6,11
750,white,6,7.6,0.2,0.31,1.4,0.047,41,142,0.9934,3.43,0.53,10.1
751,white,6,7.9,0.35,0.28,12.9,0.032,13,63,0.9932,2.99,0.43,13
752,white,6,6.5,0.26,0.74,13.3,0.044,68,224,0.9972,3.18,0.54,9.5
753,white,5,7,0.24,0.51,11,0.029,55,227,0.9965,3.03,0.61,9.5
754,white,7,7.3,0.18,0.29,1.2,0.044,12,143,0.9918,3.2,0.48,11.3
755,white,8,6.1,0.31,0.37,8.4,0.031,70,170,0.9934,3.42,0.4,11.7
756,red,6,9.3,0.49,0.36,1.7,0.081,3,14,0.99702,3.27,0.78,10.9
757,red,6,7.5,0.49,0.2,2.6,0.332,8,14,0.9968,3.21,0.9,10.5
758,white,6,7,0.16,0.3,2.6,0.043,34,90,0.99047,2.88,0.47,11.2
759,white,7,8.2,0.42,0.29,4.1,0.03,31,100,0.9911,3,0.32,12.8
760,white,5,6.4,0.28,0.41,6.8,0.045,61,216,0.9952,3.09,0.46,9.4
761,white,6,6.8,0.15,0.41,12.9,0.044,79.5,183,0.99742,3.24,0.78,10.2
762,white,6,7.2,0.37,0.4,11.6,0.032,34,214,0.9963,3.1,0.51,9.8
763,white,5,6.4,0.22,0.56,14.5,0.055,27,159,0.998,2.98,0.4,9.1
764,white,5,7.5,0.32,0.26,1.8,0.042,13,133,0.9938,3.07,0.38,9.5
765,white,6,4.8,0.225,0.38,1.2,0.074,47,130,0.99132,3.31,0.4,10.3
766,white,7,6.7,0.21,0.36,8.55,0.02,20,86,0.99146,3.19,0.22,13.4
767,white,7,6,0.24,0.28,3.95,0.038,61,134,0.99146,3.3,0.54,11.3
768,red,7,5.1,0.585,0,1.7,0.044,14,86,0.99264,3.56,0.94,12.9
769,white,7,7,0.46,0.39,6.2,0.039,46,163,0.9928,3.21,0.35,12.2
770,red,7,7.6,0.31,0.34,2.5,0.082,26,35,0.99356,3.22,0.59,12.5
771,red,6,10.6,1.02,0.43,2.9,0.076,26,88,0.9984,3.08,0.57,10.1
772,white,6,6.8,0.27,0.3,13,0.047,69,160,0.99705,3.16,0.5,9.6
773,red,5,8.8,0.24,0.54,2.5,0.083,25,57,0.9983,3.39,0.54,9.2
774,red,5,7.2,0.62,0.06,2.5,0.078,17,84,0.99746,3.51,0.53,9.7
775,white,6,5.9,0.22,0.38,1.3,0.046,24,90,0.99232,3.2,0.47,10
776,white,7,7.5,0.16,0.38,12.7,0.043,70.5,163,0.99706,3.15,0.82,10.4
777,white,6,6,0.41,0.21,1.9,0.05,29,122,0.9928,3.42,0.52,10.5
778,white,6,5.2,0.16,0.34,0.8,0.029,26,77,0.99155,3.25,0.51,10.1
779,red,5,7.8,0.5,0.09,2.2,0.115,10,42,0.9971,3.18,0.62,9.5
780,white,6,6.8,0.17,0.36,1.4,0.036,38,108,0.99006,3.19,0.66,12
781,red,7,11.9,0.695,0.53,3.4,0.128,7,21,0.9992,3.17,0.84,12.2
782,white,6,6.4,0.16,0.25,1.3,0.047,20,77,0.9933,3.61,0.54,10.2
783,red,5,6.8,0.69,0,5.6,0.124,21,58,0.9997,3.46,0.72,10.2
784,white,6,5.9,0.22,0.3,1.3,0.052,42,86,0.99069,3.31,0.47,11.55
785,red,6,9.2,0.755,0.18,2.2,0.148,10,103,0.9969,2.87,1.36,10.2
786,white,7,6.9,0.21,0.24,1.8,0.021,17,80,0.98992,3.15,0.46,12.3
787,white,6,7,0.2,0.35,8.8,0.037,31,103,0.99388,3.13,0.49,11
788,white,6,7,0.22,0.33,2.1,0.052,15,76,0.993,3.2,0.41,10.6
789,white,8,6.5,0.13,0.37,1,0.036,48,114,0.9911,3.41,0.51,11.5
790,white,4,7.6,0.23,0.26,15.3,0.067,32,166,0.9986,3.03,0.44,9.2
791,white,5,6.1,0.27,0.3,16.7,0.039,49,172,0.99985,3.4,0.45,9.4
792,white,5,6.9,0.49,0.24,1.2,0.049,13,125,0.9932,3.17,0.51,9.4
793,white,6,7.3,0.26,0.33,11.8,0.057,48,127,0.99693,3.1,0.55,10
794,white,3,7.6,0.48,0.37,1.2,0.034,5,57,0.99256,3.05,0.54,10.4
795,white,6,5.7,0.23,0.25,7.95,0.042,16,108,0.99486,3.44,0.61,10.3
796,white,5,6.7,0.5,0.38,7.5,0.046,26,175,0.99662,3.32,0.54,9.6
797,white,5,9,0.29,0.34,12.1,0.03,34,177,0.99706,3.13,0.47,10.6
798,red,5,8.8,0.61,0.14,2.4,0.067,10,42,0.9969,3.19,0.59,9.5
799,white,5,7.8,0.28,0.49,1.3,0.046,27,142,0.9936,3.09,0.59,10.2
800,white,5,6.1,0.27,0.44,6.7,0.041,61,230,0.99505,3.12,0.4,8.9
801,white,8,5.2,0.44,0.04,1.4,0.036,43,119,0.9894,3.36,0.33,12.1
802,white,5,6.1,0.34,0.31,12,0.053,46,238,0.9977,3.16,0.48,8.6
803,white,5,6.9,0.4,0.22,5.95,0.081,76,303,0.99705,3.4,0.57,9.4
804,white,7,6.5,0.18,0.41,14.2,0.039,47,129,0.99678,3.28,0.72,10.3
805,white,6,6.3,0.22,0.22,5.6,0.039,31,128,0.99296,3.12,0.46,10.4
806,red,5,9.6,0.6,0.5,2.3,0.079,28,71,0.9997,3.5,0.57,9.7
807,white,6,6.2,0.21,0.52,6.5,0.047,28,123,0.99418,3.22,0.49,9.9
808,red,6,6.1,0.21,0.4,1.4,0.066,40.5,165,0.9912,3.25,0.59,11.9
809,white,6,8,0.14,0.33,1.2,0.045,71,162,0.9914,3.07,0.47,11
810,red,5,6.8,0.67,0.02,1.8,0.05,5,11,0.9962,3.48,0.52,9.5
811,red,6,8.5,0.585,0.18,2.1,0.078,5,30,0.9967,3.2,0.48,9.8
812,white,5,7.4,0.35,0.24,6,0.042,28,123,0.99304,3.14,0.44,11.3
813,white,5,7.6,0.27,0.33,2,0.059,19,175,0.9944,3.22,0.56,9.9
814,white,7,6.7,0.34,0.26,1.9,0.038,58,138,0.9893,3,0.47,12.2
815,white,5,6.8,0.37,0.51,11.8,0.044,62,163,0.9976,3.19,0.44,8.8
816,red,6,8.4,0.34,0.42,2.1,0.072,23,36,0.99392,3.11,0.78,12.4
817,white,7,7.1,0.13,0.29,15.5,0.064,56,115.5,0.99737,3.16,0.41,9.7
818,red,6,6.4,0.36,0.21,2.2,0.047,26,48,0.99661,3.47,0.77,9.7
819,white,7,7.5,0.305,0.38,1.4,0.047,30,95,0.99158,3.22,0.52,11.5
820,white,6,6.3,0.34,0.29,6.2,0.046,29,227,0.9952,3.29,0.53,10.1
821,red,6,8.3,0.58,0.13,2.9,0.096,14,63,0.9984,3.17,0.62,9.1
822,red,5,9.5,0.59,0.44,2.3,0.071,21,68,0.9992,3.46,0.63,9.5
823,white,5,7.1,0.14,0.35,1.4,0.039,24,128,0.99212,2.97,0.68,10.4
824,white,6,7.5,0.38,0.56,9.7,0.055,15,170,0.99605,3.13,0.65,9.9
825,white,6,6.8,0.21,0.74,1.2,0.047,25,111,0.9916,3.13,0.41,10.7
826,white,7,6.8,0.16,0.4,2.3,0.037,18,102,0.9923,3.49,0.42,11.4
827,red,6,6.4,0.36,0.53,2.2,0.23,19,35,0.9934,3.37,0.93,12.4
828,red,6,9.8,0.51,0.19,3.2,0.081,8,30,0.9984,3.23,0.58,10.5
829,red,5,6.1,0.64,0.02,2.4,0.069,26,46,0.99358,3.47,0.45,11
830,white,6,6.5,0.17,0.54,8.5,0.082,64,163,0.9959,2.89,0.39,8.8
831,red,6,7.2,0.67,0,2.2,0.068,10,24,0.9956,3.42,0.72,11.1
832,white,5,6.3,0.35,0.26,17.6,0.061,59,198,0.99918,3.11,0.49,8.8
833,white,5,6.4,0.21,0.34,16.05,0.04,56,142,0.99678,3.11,0.38,10.6
834,red,6,7.9,0.34,0.42,2,0.086,8,19,0.99546,3.35,0.6,11.4
835,white,7,6.5,0.28,0.34,3.6,0.04,29,121,0.99111,3.28,0.48,12.1
836,red,5,5.6,0.915,0,2.1,0.041,17,78,0.99346,3.68,0.73,11.4
837,white,7,6.4,0.17,0.27,1.5,0.037,20,98,0.9916,3.46,0.42,11
838,white,5,8,0.61,0.38,12.1,0.301,24,220,0.9993,2.94,0.48,9.2
839,white,7,5.1,0.33,0.22,1.6,0.027,18,89,0.9893,3.51,0.38,12.5
840,white,4,7.6,0.56,0.12,10.4,0.096,22,177,0.9983,3.32,0.45,9.1
841,white,6,6.4,0.24,0.49,5.8,0.053,25,120,0.9942,3.01,0.98,10.5
842,red,5,9,0.66,0.17,3,0.077,5,13,0.9976,3.29,0.55,10.4
843,white,6,6.9,0.24,0.36,20.8,0.031,40,139,0.9975,3.2,0.33,11
844,white,6,6,0.34,0.66,15.9,0.046,26,164,0.9979,3.14,0.5,8.8
845,white,6,6.2,0.28,0.33,1.7,0.029,24,111,0.99,3.24,0.5,12.1
846,red,6,7,0.22,0.3,1.8,0.065,16,20,0.99672,3.61,0.82,10
847,white,7,4.8,0.13,0.32,1.2,0.042,40,98,0.9898,3.42,0.64,11.8
848,red,5,11.2,0.5,0.74,5.15,0.1,5,17,0.9996,3.22,0.62,11.2
849,white,5,6.4,0.29,0.28,11.1,0.063,66,169,0.9973,2.89,0.57,9
850,red,6,8.2,0.51,0.24,2,0.079,16,86,0.99764,3.34,0.64,9.5
851,red,6,10.3,0.27,0.24,2.1,0.072,15,33,0.9956,3.22,0.66,12.8
852,white,6,6.8,0.21,0.49,14.5,0.06,50,170,0.9991,3.55,0.44,9.8
853,white,5,6.6,0.25,0.51,8,0.047,61,189,0.99604,3.22,0.49,9.2
854,white,7,7,0.26,0.26,10.8,0.039,37,184,0.99787,3.47,0.58,10.3
855,white,5,9.1,0.28,0.49,2,0.059,10,112,0.9958,3.15,0.46,10.1
856,red,6,7,0.43,0.02,1.9,0.08,15,28,0.99492,3.35,0.81,10.6
857,white,5,7.6,0.31,0.29,10.5,0.04,21,145,0.9966,3.04,0.35,9.4
858,white,6,6.3,0.26,0.25,5.2,0.046,11,133,0.99202,2.97,0.68,11
859,white,6,6.4,0.145,0.49,5.4,0.048,54,164,0.9946,3.56,0.44,10.8
860,white,5,6.4,0.32,0.5,10.7,0.047,57,206,0.9968,3.08,0.6,9.4
861,white,6,7.3,0.34,0.3,9.4,0.057,34,178,0.99554,3.15,0.44,10.4
862,white,6,7.9,0.37,0.31,2.85,0.037,5,24,0.9911,3.19,0.36,11.9
863,white,6,7.4,0.105,0.34,12.2,0.05,57,146,0.9973,3.16,0.37,9
864,white,6,6,0.27,0.26,1.3,0.038,32,138,0.99125,3.46,0.43,11.1
865,red,5,6.9,0.56,0.03,1.5,0.086,36,46,0.99522,3.53,0.57,10.6
866,red,5,6.7,0.64,0.23,2.1,0.08,11,119,0.99538,3.36,0.7,10.9
867,white,6,7.4,0.23,0.43,1.4,0.044,22,113,0.9938,3.22,0.62,10.6
868,white,6,5.7,0.21,0.24,2.3,0.047,60,189,0.995,3.65,0.72,10.1
869,white,7,7.4,0.16,0.3,13.7,0.056,33,168,0.99825,2.9,0.44,8.7
870,white,6,6.5,0.36,0.31,13.55,0.053,20,113,0.99544,3.2,0.56,11
871,white,7,6.5,0.23,0.39,1.9,0.036,41,98,0.99,3.19,0.43,11.9
872,white,6,6.9,0.14,0.38,1,0.041,22,81,0.99043,3.03,0.54,11.4
873,white,7,6.8,0.13,0.39,1.4,0.034,19,102,0.99121,3.23,0.6,11.3
874,white,6,7.1,0.44,0.27,8.4,0.057,60,160,0.99257,3.16,0.36,11.8
875,white,7,7.3,0.24,0.3,2.5,0.042,31,104,0.9911,3.05,0.56,11.3
876,red,6,11.5,0.18,0.51,4,0.104,4,23,0.9996,3.28,0.97,10.1
877,white,5,6.2,0.32,0.5,6.5,0.048,61,186,0.9948,3.19,0.45,9.6
878,red,5,7.1,0.62,0.06,1.3,0.07,5,12,0.9942,3.17,0.48,9.8
879,white,6,7.2,0.24,0.36,2,0.029,21,63,0.99076,3.13,0.63,12.5
880,red,5,7,0.62,0.18,1.5,0.062,7,50,0.9951,3.08,0.6,9.3
881,white,6,7,0.22,0.26,1.1,0.037,20,71,0.9902,3.1,0.38,11.7
882,white,5,6.4,0.2,0.28,2.5,0.032,24,84,0.99168,3.31,0.55,11.5
883,white,7,7.1,0.2,0.36,11.6,0.042,45,124,0.997,2.92,0.59,9.5
884,white,6,7,0.21,0.28,8.7,0.045,37,222,0.9954,3.25,0.54,10.4
885,white,5,7.1,0.21,0.72,1.6,0.167,65,120,0.99324,2.97,0.51,9.2
886,red,7,10.2,0.29,0.49,2.6,0.059,5,13,0.9976,3.05,0.74,10.5
887,red,6,7.7,0.58,0.1,1.8,0.102,28,109,0.99565,3.08,0.49,9.8
888,red,6,11.5,0.59,0.59,2.6,0.087,13,49,0.9988,3.18,0.65,11
889,white,5,6.8,0.27,0.12,1.3,0.04,87,168,0.992,3.18,0.41,10
890,white,5,6.9,0.21,0.49,1.4,0.041,15,164,0.9927,3.25,0.63,11
891,white,5,7.6,0.48,0.31,9.4,0.046,6,194,0.99714,3.07,0.61,9.4
892,white,6,6.4,0.29,0.21,9.65,0.041,36,119,0.99334,2.99,0.34,10.9333333333333
893,white,5,7.4,0.44,0.2,11.5,0.049,44,157,0.998,3.27,0.44,9
894,white,5,6.4,0.42,0.19,9.3,0.043,28,145,0.99433,3.23,0.53,10.98
895,white,6,7.2,0.21,0.29,3.1,0.044,39,122,0.99143,3,0.6,11.3
896,red,5,7.6,0.55,0.21,2.2,0.071,7,28,0.9964,3.28,0.55,9.7
897,white,5,5.3,0.21,0.29,0.7,0.028,11,66,0.99215,3.3,0.4,9.8
898,red,7,10,0.44,0.49,2.7,0.077,11,19,0.9963,3.23,0.63,11.6
899,white,6,6.4,0.33,0.28,1.1,0.038,30,110,0.9917,3.12,0.42,10.5
900,white,6,6.3,0.19,0.28,1.8,0.022,28,158,0.9907,3.2,0.64,11.4
901,red,6,7.2,0.63,0,1.9,0.097,14,38,0.99675,3.37,0.58,9
902,white,7,7.1,0.18,0.36,1.4,0.043,31,87,0.9898,3.26,0.37,12.7
903,red,5,7.3,0.695,0,2.5,0.075,3,13,0.998,3.49,0.52,9.2
904,white,7,5.8,0.3,0.27,1.7,0.014,45,104,0.98914,3.4,0.56,12.6
905,white,5,8.6,0.26,0.41,2.2,0.049,29,111,0.9941,2.96,0.44,10
906,white,6,5.9,0.5,0.05,2.6,0.054,36,146,0.9948,3.43,0.5,9.2
907,white,5,6.6,0.27,0.52,8.1,0.044,53,202,0.99548,3.18,0.48,9.5
908,white,5,5.4,0.595,0.1,2.8,0.042,26,80,0.9932,3.36,0.38,9.3
909,red,6,6.6,0.39,0.49,1.7,0.07,23,149,0.9922,3.12,0.5,11.5
910,red,5,10.7,0.46,0.39,2,0.061,7,15,0.9981,3.18,0.62,9.5
911,white,7,6,0.26,0.32,3.5,0.028,29,113,0.9912,3.4,0.71,12.3
912,white,5,6.7,0.31,0.42,6.4,0.057,25,148,0.9955,3.16,0.45,9.6
913,white,6,7.6,0.2,0.34,1.8,0.041,42,148,0.99335,3.35,0.66,11.1
914,red,5,7,0.58,0.12,1.9,0.091,34,124,0.9956,3.44,0.48,10.5
915,white,6,6.6,0.35,0.29,14.4,0.044,54,177,0.9991,3.17,0.58,8.9
916,white,7,5.8,0.3,0.42,1.1,0.036,19,113,0.98871,3.1,0.46,12.6
917,white,6,7.7,0.38,0.4,2,0.038,28,152,0.9906,3.18,0.32,12.9
918,white,6,6.7,0.24,0.3,10.2,0.07,44,179,0.99666,2.86,0.46,8.9
919,white,6,6.4,0.28,0.19,5.4,0.042,67,181,0.99435,3.31,0.35,10.2
920,red,5,7.3,0.38,0.21,2,0.08,7,35,0.9961,3.33,0.47,9.5
921,red,5,5.6,0.54,0.04,1.7,0.049,5,13,0.9942,3.72,0.58,11.4
922,red,6,9.8,0.44,0.47,2.5,0.063,9,28,0.9981,3.24,0.65,10.8
923,white,6,8.5,0.25,0.31,2.8,0.032,11,61,0.99189,3.06,0.44,11.5
924,white,6,6.6,0.38,0.28,2.8,0.043,17,67,0.98924,3.21,0.47,13.2
925,white,6,6.5,0.26,0.24,10.8,0.042,47,130,0.996,3.08,0.4,10.1
926,white,5,9.6,0.21,0.28,1.2,0.038,12,53,0.9926,2.8,0.46,10.6
927,red,5,7.8,0.57,0.31,1.8,0.069,26,120,0.99625,3.29,0.53,9.3
928,white,5,6.7,0.42,0.39,12.1,0.04,61,248,0.99794,3.31,0.58,9.7
929,white,7,6,0.26,0.29,3.1,0.041,37,144,0.98944,3.22,0.39,12.8
930,white,6,5.9,0.2,0.23,1.5,0.037,38,93,0.99021,3.36,0.49,12
931,white,6,5.7,0.4,0.35,5.1,0.026,17,113,0.99052,3.18,0.67,12.4
932,red,6,7.1,0.59,0.01,2.3,0.08,27,43,0.9955,3.42,0.58,10.7
933,white,7,8,0.45,0.28,10.8,0.051,25,157,0.9957,3.06,0.47,11.4
934,white,7,7.7,0.43,0.28,4.5,0.046,33,102,0.9918,3.16,0.56,12.2
935,white,7,6.6,0.21,0.31,11.4,0.039,46,165,0.99795,3.41,0.44,9.8
936,red,5,7.2,0.56,0.26,2,0.083,13,100,0.99586,3.26,0.52,9.9
937,white,6,6.3,0.23,0.22,3.75,0.039,37,116,0.9927,3.23,0.5,10.7
938,white,5,8.9,0.13,0.49,1,0.028,6,24,0.9926,2.91,0.32,9.9
939,red,5,5.8,0.68,0.02,1.8,0.087,21,94,0.9944,3.54,0.52,10
940,white,6,7.3,0.26,0.49,5,0.028,32,107,0.9936,3.24,0.54,10.8
941,white,6,5.1,0.35,0.26,6.8,0.034,36,120,0.99188,3.38,0.4,11.5
942,white,6,6.7,0.2,0.24,6.5,0.044,28,100,0.99348,3.12,0.33,10.2
943,red,6,6.8,0.81,0.05,2,0.07,6,14,0.99562,3.51,0.66,10.8
944,white,6,6.2,0.22,0.28,2.2,0.04,24,125,0.9917,3.19,0.48,10.5
945,red,6,8.3,0.6,0.13,2.6,0.085,6,24,0.9984,3.31,0.59,9.2
946,red,5,10,0.38,0.38,1.6,0.169,27,90,0.99914,3.15,0.65,8.5
947,red,6,7.9,0.32,0.51,1.8,0.341,17,56,0.9969,3.04,1.08,9.2
948,white,5,7,0.46,0.2,16.7,0.046,50,184,0.99898,3.08,0.56,9.4
949,red,5,9.5,0.885,0.27,2.3,0.084,31,145,0.9978,3.24,0.53,9.4
950,white,5,6.4,0.37,0.2,5.6,0.117,61,183,0.99459,3.24,0.43,9.5
951,white,5,8,0.59,0.71,17.35,0.038,61,228,1,2.95,0.75,9.3
952,white,5,6.7,0.24,0.26,12.6,0.053,44,182,0.99802,3.42,0.42,9.7
953,white,5,5.4,0.375,0.4,3.3,0.054,29,147,0.99482,3.42,0.52,9.1
954,red,6,8.6,0.49,0.28,1.9,0.11,20,136,0.9972,2.93,1.95,9.9
955,white,7,6,0.29,0.41,10.8,0.048,55,149,0.9937,3.09,0.59,10.9666666666667
956,white,5,6.2,0.25,0.38,7.9,0.045,54,208,0.99572,3.17,0.46,9.1
957,white,5,7.7,0.31,0.36,4.3,0.026,15,87,0.99152,3.11,0.48,12
958,white,6,7,0.28,0.39,8.7,0.051,32,141,0.9961,3.38,0.53,10.5
959,red,4,5,1.02,0.04,1.4,0.045,41,85,0.9938,3.75,0.48,10.5
960,white,6,6.6,0.23,0.26,1.3,0.045,16,128,0.9934,3.36,0.6,10
961,white,5,6.2,0.36,0.26,13.2,0.051,54,201,0.9976,3.25,0.46,9
962,white,6,6,0.41,0.05,1.5,0.063,17,120,0.9932,3.21,0.56,9.2
963,white,6,7,0.19,0.23,5.7,0.123,27,104,0.9954,3.04,0.54,9.4
964,white,7,6.3,0.29,0.29,3.3,0.037,32,140,0.9895,3.17,0.36,12.8
965,white,7,7.6,0.52,0.49,14,0.034,37,156,0.9958,3.14,0.38,11.8
966,white,5,6.6,0.27,0.29,5.3,0.045,57,189,0.9953,3.31,0.79,9.8
967,white,7,6.6,0.22,0.37,1.2,0.059,45,199,0.993,3.37,0.55,10.3
968,white,5,6.3,0.25,0.27,6.6,0.054,40,158,0.99378,3.2,0.48,10.3
969,white,5,8.4,0.4,0.7,13.1,0.042,29,197,0.998,3.06,0.64,9.7
970,white,5,7.1,0.28,0.31,1.5,0.053,20,98,0.99069,3.15,0.5,11.4
971,white,5,7.4,0.64,0.47,14.15,0.168,42,185,0.9984,2.9,0.49,9.3
972,red,4,7,0.975,0.04,2,0.087,12,67,0.99565,3.35,0.6,9.4
973,white,7,6.3,0.23,0.21,5.1,0.035,29,142,0.9942,3.36,0.33,10.1
974,white,6,5.8,0.27,0.26,3.5,0.071,26,69,0.98994,3.1,0.38,11.5
975,white,7,6.4,0.16,0.25,1.4,0.057,21,125,0.99091,3.23,0.44,11.1
976,white,5,6.8,0.31,0.32,7.6,0.052,35,143,0.9959,3.14,0.38,9
977,red,6,6.3,0.51,0.13,2.3,0.076,29,40,0.99574,3.42,0.75,11
978,white,5,8.4,0.18,0.42,5.1,0.036,7,77,0.9939,3.16,0.52,11.7
979,white,8,5.4,0.53,0.16,2.7,0.036,34,128,0.98856,3.2,0.53,13.2
980,white,6,6.4,0.32,0.27,4.9,0.034,18,122,0.9916,3.36,0.71,12.5
981,white,6,5.9,0.26,0.21,12.5,0.034,36,152,0.9972,3.28,0.43,9.5
982,white,7,6,0.29,0.41,10.8,0.048,55,149,0.9937,3.09,0.59,10.9666666666667
983,white,7,6.3,0.13,0.42,1.1,0.043,63,146,0.99066,3.13,0.72,11.2
984,white,6,6.8,0.27,0.3,13,0.047,69,160,0.99705,3.16,0.5,9.6
985,white,6,6.7,0.16,0.32,12.5,0.035,18,156,0.99666,2.88,0.36,9
986,white,8,6.2,0.66,0.48,1.2,0.029,29,75,0.9892,3.33,0.39,12.8
987,white,6,7.1,0.14,0.33,1,0.104,20,54,0.99057,3.19,0.64,11.5
988,white,5,7.2,0.15,0.39,1.8,0.043,21,159,0.9948,3.52,0.47,10
989,white,6,6.1,0.41,0.24,1.6,0.049,16,137,0.993,3.32,0.5,10.4
990,white,6,6.7,0.23,0.33,1.8,0.036,23,96,0.9925,3.32,0.4,10.8
991,white,6,5.6,0.32,0.33,7.4,0.037,25,95,0.99268,3.25,0.49,11.1
992,white,7,6.6,0.2,0.38,7.9,0.052,30,145,0.9947,3.32,0.56,11
993,red,6,8,0.48,0.34,2.2,0.073,16,25,0.9936,3.28,0.66,12.4
994,white,6,6.7,0.25,0.74,19.4,0.054,44,169,1.0004,3.51,0.45,9.8
995,white,7,5.3,0.26,0.23,5.15,0.034,48,160,0.9952,3.82,0.51,10.5
996,red,5,8.1,0.87,0,2.2,0.084,10,31,0.99656,3.25,0.5,9.8
997,white,5,7.4,0.24,0.31,8.4,0.045,52,183,0.9963,3.09,0.32,8.8
998,white,6,7.1,0.09,0.3,6.2,0.032,24,134,0.993,2.99,0.39,10.9
999,white,6,6.5,0.27,0.19,6.6,0.045,98,175,0.99364,3.16,0.34,10.1
1000,white,5,7,0.16,0.73,1,0.138,58,150,0.9936,3.08,0.3,9.2
1001,white,7,8.5,0.23,0.34,1.3,0.035,54,110,0.99176,3.07,0.55,11
1002,white,5,7.2,0.4,0.24,8.5,0.055,45,151,0.99626,3.2,0.52,9.2
1003,white,6,7.3,0.21,0.33,1,0.037,66,144,0.9923,3.11,0.52,10.2
1004,white,5,7.9,0.22,0.49,3.8,0.042,26,105,0.993,3.1,0.39,10.5
1005,white,6,6.3,0.32,0.17,17.75,0.06,51,190,0.99916,3.13,0.48,8.8
1006,red,5,7.7,1.005,0.15,2.1,0.102,11,32,0.99604,3.23,0.48,10
1007,white,7,6.7,0.12,0.36,2.3,0.039,43,125,0.99229,3.07,0.67,10.1
1008,white,5,7.9,0.46,0.4,10.1,0.168,19,184,0.99782,3.06,0.62,9.5
1009,white,7,6.5,0.18,0.33,1.4,0.029,35,138,0.99114,3.36,0.6,11.5
1010,white,6,6.5,0.26,0.27,12.9,0.044,69,215,0.9967,3.17,0.43,10
1011,white,6,6.7,0.26,0.39,6.4,0.171,64,200,0.99562,3.19,0.38,9.4
1012,white,5,7.2,0.23,0.25,18.8,0.085,19,111,1.00044,3.1,0.51,8.7
1013,red,5,8.8,0.37,0.48,2.1,0.097,39,145,0.9975,3.04,1.03,9.3
1014,white,5,6.8,0.19,0.23,5.1,0.034,71,204,0.9942,3.23,0.69,10.1
1015,white,7,6.7,0.3,0.29,2.8,0.025,37,107,0.99159,3.31,0.63,11.3
1016,white,6,6,0.28,0.24,17.8,0.047,42,111,0.99896,3.1,0.45,8.9
1017,red,5,7.7,0.62,0.04,3.8,0.084,25,45,0.9978,3.34,0.53,9.5
1018,red,5,7.5,0.58,0.03,4.1,0.08,27,46,0.99592,3.02,0.47,9.2
1019,white,5,5.8,0.31,0.31,7.5,0.052,55,230,0.9949,3.19,0.46,9.8
1020,red,5,6.2,0.46,0.17,1.6,0.073,7,11,0.99425,3.61,0.54,11.4
1021,white,5,7,0.44,0.24,12.1,0.056,68,210,0.99718,3.05,0.5,9.5
1022,white,4,8.6,0.34,0.36,1.4,0.045,11,119,0.99556,3.17,0.47,9.4
1023,red,6,7,0.54,0.09,2,0.081,10,16,0.99479,3.43,0.59,11.5
1024,white,7,8,0.24,0.26,1.7,0.033,36,136,0.99316,3.44,0.51,10.4
1025,white,5,6.4,0.18,0.74,11.9,0.046,54,168,0.9978,3.58,0.68,10.1
1026,white,6,6.4,0.24,0.49,5.8,0.053,25,120,0.9942,3.01,0.98,10.5
1027,white,5,6.9,0.28,0.37,9.1,0.037,16,76,0.9948,3.05,0.54,11.1
1028,white,7,7.4,0.16,0.3,13.7,0.056,33,168,0.99825,2.9,0.44,8.7
1029,red,6,8,0.42,0.17,2,0.073,6,18,0.9972,3.29,0.61,9.2
1030,white,5,5.8,0.54,0,1.4,0.033,40,107,0.98918,3.26,0.35,12.4
1031,white,6,8.3,0.16,0.48,1.7,0.057,31,98,0.9943,3.15,0.41,10.3
1032,white,6,6.8,0.24,0.37,7.45,0.043,59,188,0.99579,3.2,0.5,9.4
1033,white,8,6.7,0.24,0.3,3.85,0.042,105,179,0.99189,3.04,0.59,11.3
1034,red,6,7.9,0.29,0.49,2.2,0.096,21,59,0.99714,3.31,0.67,10.1
1035,white,5,6.8,0.34,0.44,6.6,0.052,28,156,0.9955,3.14,0.41,9.6
1036,white,6,7.6,0.22,0.34,9.7,0.035,26,143,0.9965,3.08,0.49,9.8
1037,white,5,6.5,0.3,0.39,7.8,0.038,61,219,0.9959,3.19,0.5,9.4
1038,white,5,6.2,0.25,0.44,15.8,0.057,39,167,0.99804,3.14,0.51,9.2
1039,white,7,7.1,0.26,0.34,14.4,0.067,35,189,0.9986,3.07,0.53,9.1
1040,red,4,8.3,0.845,0.01,2.2,0.07,5,14,0.9967,3.32,0.58,11
1041,red,6,7.3,0.66,0,2,0.084,6,23,0.9983,3.61,0.96,9.9
1042,white,5,5.9,0.32,0.19,14.5,0.042,37,115,0.99684,3.16,0.43,10.3
1043,red,5,7.2,0.695,0.13,2,0.076,12,20,0.99546,3.29,0.54,10.1
1044,red,5,9.5,0.37,0.52,2,0.082,6,26,0.998,3.18,0.51,9.5
1045,white,6,5.9,0.445,0.26,1.4,0.027,23,109,0.99148,3.3,0.36,10.5
1046,white,7,6,0.32,0.3,1.3,0.025,18,112,0.98802,3.07,0.64,13.3
1047,white,5,7.2,0.4,0.24,8.5,0.055,45,151,0.99626,3.2,0.52,9.2
1048,white,7,6.2,0.36,0.32,4,0.036,44,92,0.98936,3.2,0.5,13.3
1049,white,7,5.9,0.2,0.28,12.8,0.038,29,132,0.99426,3.31,0.57,11.8
1050,white,5,6.2,0.24,0.25,12.5,0.055,47,134,0.99758,3.3,0.51,9
1051,white,7,6.9,0.45,0.27,4.7,0.035,17,80,0.99058,3.12,0.36,12.5
1052,white,7,6.6,0.16,0.35,1.8,0.042,26,105,0.98962,3.19,0.75,12.4
1053,white,5,7.9,0.51,0.36,6.2,0.051,30,173,0.9984,3.09,0.53,9.7
1054,white,5,6.8,0.27,0.22,17.8,0.034,16,116,0.9989,3.07,0.53,9.2
1055,white,6,7,0.35,0.17,1.1,0.049,7,119,0.99297,3.13,0.36,9.7
1056,white,7,6.3,0.34,0.33,4.6,0.034,19,80,0.9917,3.38,0.58,12
1057,red,6,7.5,0.53,0.06,2.6,0.086,20,44,0.9965,3.38,0.59,10.7
1058,white,4,8,0.16,0.36,1.5,0.033,14,122,0.9941,3.2,0.39,10.3
1059,white,6,6.4,0.31,0.28,2.5,0.039,34,137,0.98946,3.22,0.38,12.7
1060,red,6,8.3,0.34,0.4,2.4,0.065,24,48,0.99554,3.34,0.86,11
1061,white,5,6.8,0.25,0.24,1.6,0.045,39,164,0.99402,3.53,0.58,10.8
1062,white,6,5.8,0.27,0.4,1.2,0.076,47,130,0.99185,3.13,0.45,10.3
1063,white,6,6.2,0.36,0.22,5.25,0.038,44,145,0.99184,3.22,0.4,11.2
1064,white,7,6.7,0.31,0.3,2.4,0.038,30,83,0.98867,3.09,0.36,12.8
1065,red,5,7.6,0.645,0.03,1.9,0.086,14,57,0.9969,3.37,0.46,10.3
1066,white,6,6.4,0.26,0.21,7.1,0.04,35,162,0.9956,3.39,0.58,9.9
1067,white,7,6.7,0.19,0.32,3.7,0.041,26,76,0.99173,2.9,0.57,10.5
1068,white,7,7.4,0.28,0.36,1.1,0.028,42,105,0.9893,2.99,0.39,12.4
1069,white,7,6.6,0.21,0.29,5.35,0.029,43,106,0.99112,2.93,0.43,11.5
1070,white,6,6.1,0.17,0.27,1.5,0.056,45,135,0.9924,3.2,0.43,10.2
1071,white,6,6,0.21,0.34,2,0.042,63,123,0.99052,3.44,0.42,11.4
1072,white,5,8,0.25,0.13,17.2,0.036,49,219,0.9996,2.96,0.46,9.7
1073,red,5,7,0.56,0.13,1.6,0.077,25,42,0.99629,3.34,0.59,9.2
1074,white,5,8,0.27,0.57,10.4,0.053,18,134,0.99732,3.12,0.68,9
1075,white,8,7,0.17,0.36,6.4,0.055,42,123,0.99318,3.11,0.5,11
1076,red,6,5,0.74,0,1.2,0.041,16,46,0.99258,4.01,0.59,12.5
1077,white,6,7,0.23,0.32,1.8,0.048,25,113,0.9915,3.11,0.47,11.1
1078,red,6,7.2,0.66,0.33,2.5,0.068,34,102,0.99414,3.27,0.78,12.8
1079,white,5,6.9,0.4,0.37,8.9,0.053,36,148,0.996,3.16,0.5,9.3
1080,white,6,6.7,0.2,0.24,6.5,0.044,28,100,0.99348,3.12,0.33,10.2
1081,red,6,8,0.5,0.39,2.6,0.082,12,46,0.9985,3.43,0.62,10.7
1082,white,6,8,0.2,0.44,1,0.057,24,111,0.99158,3.09,0.32,11.2
1083,white,5,6.6,0.3,0.24,1.2,0.034,17,121,0.9933,3.13,0.36,9.2
1084,white,6,7.1,0.32,0.29,4,0.038,33,170,0.99463,3.27,0.64,10.2
1085,red,5,7.1,0.72,0,1.8,0.123,6,14,0.99627,3.45,0.58,9.8
1086,white,5,6.8,0.51,0.3,4.2,0.066,38,165,0.9945,3.2,0.42,9.1
1087,white,5,6.6,0.38,0.36,9.2,0.061,42,214,0.9976,3.31,0.56,9.4
1088,white,5,5.1,0.305,0.13,1.75,0.036,17,73,0.99,3.4,0.51,12.3333333333333
1089,white,6,7.1,0.15,0.34,1,0.033,27,73,0.98974,3.24,0.41,12.2
1090,white,7,5.9,0.24,0.28,1.3,0.032,36,95,0.98889,3.08,0.64,12.9
1091,white,5,6,0.26,0.15,1.2,0.053,35,124,0.99347,3.08,0.46,8.8
1092,white,6,7.3,0.24,0.43,2,0.021,20,69,0.99,3.08,0.56,12.2
1093,red,5,7.7,0.49,0.26,1.9,0.062,9,31,0.9966,3.39,0.64,9.6
1094,white,6,7.1,0.2,0.31,6.85,0.053,32,211,0.99587,3.31,0.59,10.4
1095,white,6,6.7,0.2,0.42,14,0.038,83,160,0.9987,3.16,0.5,9.4
1096,white,7,6.3,0.12,0.36,2.1,0.044,47,146,0.9914,3.27,0.74,11.4
1097,white,6,6.5,0.28,0.38,7.8,0.031,54,216,0.99154,3.03,0.42,13.1
1098,white,5,6.7,0.24,0.41,2.9,0.039,48,122,0.99052,3.25,0.43,12
1099,white,8,6.8,0.53,0.35,3.8,0.034,26,109,0.9906,3.26,0.57,12.7
1100,white,6,6.8,0.12,0.3,12.9,0.049,32,88,0.99654,3.2,0.35,9.9
1101,red,5,6.9,0.55,0.15,2.2,0.076,19,40,0.9961,3.41,0.59,10.1
1102,white,5,9.2,0.32,0.42,1.3,0.046,14,186,0.9949,3.08,0.48,9.6
1103,white,7,7.3,0.22,0.4,14.75,0.042,44.5,129.5,0.9998,3.36,0.41,9.1
1104,white,7,7.1,0.34,0.49,1.5,0.027,26,126,0.99,3.3,0.33,12.2
1105,white,6,7.7,0.38,0.23,10.8,0.03,28,95,0.99164,2.93,0.41,13.6
1106,white,6,6.5,0.29,0.52,1.7,0.034,41,193,0.99223,3.25,0.59,10.4
1107,white,5,5.6,0.35,0.37,1,0.038,6,72,0.9902,3.37,0.34,11.4
1108,white,6,6,0.26,0.24,1.3,0.053,66,150,0.9924,3.21,0.62,10.4
1109,white,4,8.2,0.68,0.3,2.1,0.047,17,138,0.995,3.22,0.71,10.8
1110,white,6,7.3,0.24,0.34,15.4,0.05,38,174,0.9983,3.03,0.42,9
1111,red,6,8.8,0.27,0.39,2,0.1,20,27,0.99546,3.15,0.69,11.2
1112,red,7,10,0.41,0.45,6.2,0.071,6,14,0.99702,3.21,0.49,11.8
1113,white,6,8.1,0.24,0.33,10.2,0.048,46,141,0.9972,3.16,0.48,10.3
1114,white,5,7.5,0.26,0.52,13.2,0.047,64,179,0.9982,3.1,0.46,9
1115,white,7,7.3,0.4,0.28,6.5,0.037,26,97,0.99148,3.16,0.58,12.6
1116,red,6,6.7,0.62,0.21,1.9,0.079,8,62,0.997,3.52,0.58,9.3
1117,white,6,7.7,0.25,0.43,4.5,0.062,20,115,0.9966,3.38,0.5,9.9
1118,red,5,7.8,0.43,0.32,2.8,0.08,29,58,0.9974,3.31,0.64,10.3
1119,red,5,7,0.23,0.4,1.6,0.063,21,67,0.9952,3.5,0.63,11.1
1120,white,6,5.7,0.27,0.16,9,0.053,32,111,0.99474,3.36,0.37,10.4
1121,white,7,7,0.15,0.28,14.7,0.051,29,149,0.99792,2.96,0.39,9
1122,white,6,6.6,0.24,0.28,6.7,0.032,26,91,0.99172,3.13,0.32,12.3
1123,white,6,7.5,0.22,0.33,6.7,0.036,45,138,0.9939,3.2,0.68,11.4
1124,red,8,10.7,0.35,0.53,2.6,0.07,5,16,0.9972,3.15,0.65,11
1125,white,4,8.1,0.28,0.46,15.4,0.059,32,177,1.0004,3.27,0.58,9
1126,white,6,5.9,0.14,0.25,4.5,0.027,34,140,0.9934,3.49,0.51,10.8
1127,red,6,6.5,0.61,0,2.2,0.095,48,59,0.99541,3.61,0.7,11.5
1128,red,6,7.8,0.39,0.42,2,0.086,9,21,0.99526,3.39,0.66,11.6
1129,white,4,6.1,0.38,0.14,3.9,0.06,27,113,0.99344,3.07,0.34,9.2
1130,white,5,6.1,0.46,0.32,6.2,0.053,10,94,0.99537,3.35,0.47,10.1
1131,red,6,7.2,0.57,0.05,2.3,0.081,16,36,0.99564,3.38,0.6,10.3
1132,white,7,5.2,0.31,0.2,2.4,0.027,27,117,0.98886,3.56,0.45,13
1133,white,7,5.8,0.24,0.28,1.4,0.038,40,76,0.98711,3.1,0.29,13.9
1134,white,7,6.3,0.35,0.3,5.7,0.035,8,97,0.9927,3.27,0.41,11
1135,white,5,9.3,0.34,0.49,7.3,0.052,30,146,0.998,3.17,0.61,10.2
1136,white,5,7.5,0.42,0.14,10.7,0.046,18,95,0.9959,3.22,0.33,10.7
1137,red,6,10.4,0.41,0.55,3.2,0.076,22,54,0.9996,3.15,0.89,9.9
1138,red,5,8.1,0.67,0.55,1.8,0.117,32,141,0.9968,3.17,0.62,9.4
1139,red,5,7.8,0.63,0.48,1.7,0.1,14,96,0.9961,3.19,0.62,9.5
1140,white,7,7.4,0.33,0.26,2.6,0.04,29,115,0.9913,3.07,0.52,11.8
1141,red,4,12,0.63,0.5,1.4,0.071,6,26,0.99791,3.07,0.6,10.4
1142,white,7,6,0.38,0.26,3.5,0.035,38,111,0.98872,3.18,0.47,13.6
1143,red,6,9.1,0.5,0.3,1.9,0.065,8,17,0.99774,3.32,0.71,10.5
1144,white,6,8.8,0.23,0.74,3.2,0.042,15,126,0.9934,3.02,0.51,11.2
1145,white,8,6.5,0.43,0.31,3.6,0.046,19,143,0.99022,3.15,0.34,12
1146,red,6,6.8,0.785,0,2.4,0.104,14,30,0.9966,3.52,0.55,10.7
1147,red,6,10,0.56,0.24,2.2,0.079,19,58,0.9991,3.18,0.56,10.1
1148,red,5,7.1,0.69,0.04,2.1,0.068,19,27,0.99712,3.44,0.67,9.8
1149,white,5,7.5,0.27,0.36,7,0.036,45,164,0.9939,3.03,0.33,11
1150,white,6,7.3,0.26,0.31,1.6,0.04,39,173,0.9918,3.19,0.51,11.4
1151,white,5,6.6,0.25,0.51,8,0.047,61,189,0.99604,3.22,0.49,9.2
1152,white,7,6.6,0.24,0.3,11.3,0.026,11,77,0.99381,3.13,0.55,12.8
1153,white,6,8.6,0.23,0.46,1,0.054,9,72,0.9941,2.95,0.49,9.1
1154,white,6,6.2,0.18,0.3,1,0.031,23,73,0.99032,3.23,0.52,11.3
1155,white,6,7.4,0.25,0.29,6.8,0.02,31,113,0.99338,3.13,0.29,10.8
1156,white,7,7.1,0.2,0.27,9.6,0.037,19,105,0.99444,3.04,0.37,10.5
1157,red,4,12.5,0.46,0.49,4.5,0.07,26,49,0.9981,3.05,0.57,9.6
1158,white,7,6.4,0.23,0.35,4.6,0.039,43,147,0.99216,3.18,0.4,11
1159,white,6,7.4,0.19,0.3,1.4,0.057,33,135,0.993,3.12,0.5,9.6
1160,white,7,6.5,0.24,0.32,7.6,0.038,48,203,0.9958,3.45,0.54,9.7
1161,white,5,6.3,0.39,0.22,2.8,0.048,53,173,0.99304,3.24,0.45,9.8
1162,red,5,8.2,0.7,0.23,2,0.099,14,81,0.9973,3.19,0.7,9.4
1163,white,6,7.2,0.23,0.38,14.3,0.058,55,194,0.9979,3.09,0.44,9
1164,white,6,5.7,0.18,0.26,2.2,0.023,21,95,0.9893,3.07,0.54,12.3
1165,white,5,5.6,0.39,0.24,4.7,0.034,27,77,0.9906,3.28,0.36,12.7
1166,white,5,6.4,0.24,0.5,11.6,0.047,60,211,0.9966,3.18,0.57,9.3
1167,white,6,6.7,0.16,0.36,2,0.045,24,131,0.99284,3.3,0.59,10.5
1168,white,5,9.4,0.23,0.56,16.45,0.063,52.5,282,1.00098,3.1,0.51,9.3
1169,white,5,7.2,0.31,0.35,7.2,0.046,45,178,0.9955,3.14,0.53,9.7
1170,red,6,8.9,0.59,0.5,2,0.337,27,81,0.9964,3.04,1.61,9.5
1171,red,5,6.5,0.46,0.14,2.4,0.114,9,37,0.99732,3.66,0.65,9.8
1172,white,5,8.2,0.36,0.29,7.6,0.035,37,122,0.9939,3.16,0.34,12
1173,red,6,7.9,0.24,0.4,1.6,0.056,11,25,0.9967,3.32,0.87,8.7
1174,white,7,6.8,0.17,0.35,1.8,0.04,29,84,0.98961,2.91,0.57,12
1175,white,5,6.3,0.25,0.44,11.6,0.041,48,195,0.9968,3.18,0.52,9.5
1176,red,5,6.6,0.725,0.2,7.8,0.073,29,79,0.9977,3.29,0.54,9.2
1177,white,6,8.1,0.2,0.28,0.9,0.023,49,87,0.99062,2.92,0.36,11.1
1178,white,5,7.6,0.26,0.58,7.9,0.041,62,180,0.9966,3.07,0.38,9
1179,red,5,7.6,0.52,0.12,3,0.067,12,53,0.9971,3.36,0.57,9.1
1180,red,5,7.3,0.49,0.1,2.6,0.068,4,14,0.99562,3.3,0.47,10.5
1181,red,5,15.6,0.645,0.49,4.2,0.095,10,23,1.00315,2.92,0.74,11.1
1182,white,5,7.7,0.3,0.42,14.3,0.045,45,213,0.9991,3.18,0.63,9.2
1183,white,5,7,0.14,0.28,1.3,0.026,10,56,0.99352,3.46,0.45,9.9
1184,red,6,9.1,0.28,0.48,1.8,0.067,26,46,0.9967,3.32,1.04,10.6
1185,white,5,5.8,0.27,0.2,7.3,0.04,42,145,0.99442,3.15,0.48,9.8
1186,red,6,7.3,0.305,0.39,1.2,0.059,7,11,0.99331,3.29,0.52,11.5
1187,white,7,7.3,0.19,0.49,15.55,0.058,50,134,0.9998,3.42,0.36,9.1
1188,white,6,7.8,0.43,0.49,13,0.033,37,158,0.9955,3.14,0.35,11.3
1189,white,5,8,0.27,0.24,1.2,0.044,20,102,0.9929,3.28,0.42,10.9
1190,red,4,9.2,0.52,1,3.4,0.61,32,69,0.9996,2.74,2,9.4
1191,red,5,8.2,0.57,0.26,2.2,0.06,28,65,0.9959,3.3,0.43,10.1
1192,white,7,6.5,0.28,0.34,4.6,0.054,22,130,0.99193,3.2,0.46,12
1193,white,5,6.6,0.31,0.07,1.5,0.033,55,144,0.99208,3.16,0.42,10
1194,white,6,7.8,0.32,0.33,10.4,0.031,47,194,0.99692,3.07,0.58,9.6
1195,white,6,14.2,0.27,0.49,1.1,0.037,33,156,0.992,3.15,0.54,11.1
1196,white,7,5.8,0.275,0.3,5.4,0.043,41,149,0.9926,3.33,0.42,10.8
1197,white,6,7.3,0.22,0.49,9.9,0.031,48,161,0.9937,3.01,0.28,11.2
1198,white,7,6.5,0.22,0.29,7.4,0.028,16,87,0.99311,3.15,0.56,10.9
1199,white,5,6.4,0.24,0.26,8.2,0.054,47,182,0.99538,3.12,0.5,9.5
1200,white,6,6.3,0.2,0.24,1.7,0.052,36,135,0.99374,3.8,0.66,10.8
1201,white,6,8.6,0.16,0.49,7.3,0.043,9,63,0.9953,3.13,0.59,10.5
1202,red,7,9,0.38,0.41,2.4,0.103,6,10,0.99604,3.13,0.58,11.9
1203,white,7,5.6,0.26,0.27,10.6,0.03,27,119,0.9947,3.4,0.34,10.7
1204,white,7,6.8,0.18,0.38,1.4,0.038,35,111,0.9918,3.32,0.59,11.2
1205,red,5,7.2,0.655,0.03,1.8,0.078,7,12,0.99587,3.34,0.39,9.5
1206,white,5,6.4,0.29,0.57,1,0.06,15,120,0.9924,3.06,0.41,9.5
1207,white,5,7.6,0.4,0.27,1.2,0.053,23,193,0.99164,3.22,0.38,11.6
1208,white,6,6.6,0.36,0.47,1.4,0.145,26,124,0.99274,3.09,0.56,10.1
1209,white,7,7.4,0.16,0.27,15.5,0.05,25,135,0.9984,2.9,0.43,8.7
1210,white,6,7.2,0.14,0.32,1.1,0.022,48,116,0.99218,3.04,0.67,10
1211,red,4,8.4,0.635,0.36,2,0.089,15,55,0.99745,3.31,0.57,10.4
1212,red,6,6.9,0.51,0.23,2,0.072,13,22,0.99438,3.4,0.84,11.2
1213,white,6,6.4,0.32,0.31,1.9,0.037,34,126,0.99,3.06,0.45,11.8
1214,white,5,6.9,0.29,0.32,5.8,0.04,16,112,0.993,3.04,0.58,11.2
1215,white,5,7.5,0.29,0.36,15.7,0.05,29,124,0.9968,3.06,0.54,10.4
1216,white,7,7.2,0.25,0.28,14.4,0.055,55,205,0.9986,3.12,0.38,9
1217,white,7,6.4,0.28,0.29,1.6,0.052,34,127,0.9929,3.48,0.56,10.5
1218,white,7,5.8,0.3,0.38,4.9,0.039,22,86,0.98963,3.23,0.58,13.1
1219,red,6,8.5,0.37,0.2,2.8,0.09,18,58,0.998,3.34,0.7,9.6
1220,white,6,5.9,0.21,0.31,1.8,0.033,45,142,0.98984,3.35,0.5,12.7
1221,red,6,5.2,0.645,0,2.15,0.08,15,28,0.99444,3.78,0.61,12.5
1222,red,7,9.1,0.36,0.39,1.8,0.06,21,55,0.99495,3.18,0.82,11
1223,red,6,6.9,0.635,0.17,2.4,0.241,6,18,0.9961,3.4,0.59,10.3
1224,white,6,6.6,0.19,0.43,10.9,0.045,53,154,0.99752,3.52,0.77,10.4
1225,white,5,6.1,0.28,0.35,12.8,0.048,63,229,0.9975,3.08,0.4,8.9
1226,white,5,6.6,0.32,0.33,2.5,0.052,40,210,0.99316,3.15,0.6,10
1227,red,5,7.4,0.47,0.46,2.2,0.114,7,20,0.99647,3.32,0.63,10.5
1228,red,5,7.5,0.49,0.19,1.9,0.076,10,44,0.9957,3.39,0.54,9.7
1229,white,6,5.7,0.22,0.2,16,0.044,41,113,0.99862,3.22,0.46,8.9
1230,white,5,6,0.36,0.32,1.1,0.053,26,173,0.99414,3.38,0.54,8.8
1231,white,6,7,0.33,0.28,5.7,0.033,39,204,0.99176,3.17,0.64,12.5
1232,red,6,6.6,0.44,0.09,2.2,0.063,9,18,0.99444,3.42,0.69,11.3
1233,white,5,6.8,0.21,0.55,14.6,0.053,34,159,0.99805,2.93,0.44,9.2
1234,red,5,9.3,0.655,0.26,2,0.096,5,35,0.99738,3.25,0.42,9.6
1235,red,8,5,0.42,0.24,2,0.06,19,50,0.9917,3.72,0.74,14
1236,white,5,7,0.3,0.28,2.2,0.042,21,177,0.99166,3.2,0.57,11.4
1237,red,5,7,0.5,0.25,2,0.07,3,22,0.9963,3.25,0.63,9.2
1238,white,7,8.9,0.3,0.35,4.6,0.032,32,148,0.99458,3.15,0.45,11.5
1239,white,6,6.9,0.25,0.4,1.3,0.038,22,101,0.9901,3.03,0.39,11.4
1240,white,5,7.3,0.23,0.34,9.3,0.052,19,86,0.99574,3.04,0.56,10
1241,white,6,5,0.255,0.22,2.7,0.043,46,153,0.99238,3.75,0.76,11.3
1242,white,7,6.4,0.31,0.28,1.5,0.037,12,119,0.9919,3.32,0.51,10.4
1243,white,6,6.9,0.26,0.27,4.2,0.031,20,80,0.99089,3.12,0.39,11.5
1244,red,6,12.6,0.38,0.66,2.6,0.088,10,41,1.001,3.17,0.68,9.8
1245,white,5,7.1,0.31,0.25,11.2,0.048,32,136,0.99663,3.14,0.4,9.5
1246,white,5,7.7,0.28,0.35,15.3,0.056,31,117,0.9998,3.27,0.5,9.6
1247,white,5,6.4,0.24,0.32,0.95,0.041,23,131,0.99033,3.25,0.35,11.8
1248,white,5,7.2,0.23,0.19,13.7,0.052,47,197,0.99865,3.12,0.53,9
1249,white,6,7.5,0.21,0.29,1.5,0.046,35,107,0.99123000000000006,3.15,0.45,11.3
1250,white,7,5.6,0.41,0.24,1.9,0.034,10,53,0.98815,3.32,0.5,13.5
1251,white,6,6.7,0.53,0.29,4.3,0.069,20,114,0.99014,3.22,0.59,13.4
1252,red,7,9.4,0.27,0.53,2.4,0.074,6,18,0.9962,3.2,1.13,12
1253,white,6,7.4,0.25,0.36,13.2,0.067,53,178,0.9976,3.01,0.48,9
1254,white,6,7.2,0.2,0.3,2,0.039,43,188,0.9911,3.3,0.41,12
1255,red,5,6.1,0.32,0.25,2.3,0.071,23,58,0.99633,3.42,0.97,10.6
1256,white,5,7.3,0.27,0.39,6.7,0.064,28,188,0.9958,3.29,0.3,9.7
1257,white,6,7.6,0.23,0.49,10,0.036,45,182,0.9967,3.08,0.58,9.6
1258,white,5,6.4,0.25,0.53,6.6,0.038,59,234,0.9955,3.03,0.42,8.8
1259,white,7,7.1,0.27,0.27,10.4,0.041,26,114,0.99335,3.04,0.52,11.5
1260,white,6,6.1,0.16,0.29,6,0.03,29,144,0.99474,3.68,0.46,10.7
1261,white,5,7,0.27,0.41,18.75,0.042,34,157,1.0002,2.96,0.5,9.1
1262,white,5,5.3,0.58,0.07,6.9,0.043,34,149,0.9944,3.34,0.57,9.7
1263,white,5,7.6,0.3,0.37,1.6,0.087,27,177,0.99438,3.09,0.5,9.8
1264,white,5,6.1,0.22,0.28,16.55,0.059,54,135,0.99665,3.2,0.38,10.5
1265,red,6,7.6,0.43,0.4,2.7,0.082,6,11,0.99538,3.44,0.54,12.2
1266,red,5,7.3,0.32,0.23,2.3,0.066,35,70,0.99588,3.43,0.62,10.1
1267,white,6,6.6,0.23,0.37,8.5,0.036,46,153,0.99576,3.2,0.48,9.4
1268,white,7,7.5,0.26,0.3,4.6,0.027,29,92,0.99085,3.15,0.38,12
1269,white,5,6.7,0.35,0.48,8.8,0.056,35,167,0.99628,3.04,0.47,9.4
1270,white,6,6.2,0.18,0.38,1.5,0.028,36,117,0.993,3.47,0.54,9.7
1271,white,6,7.2,0.25,0.39,18.95,0.038,42,155,0.9999,2.97,0.47,9
1272,red,6,7.8,0.52,0.25,1.9,0.081,14,38,0.9984,3.43,0.65,9
1273,white,6,6.9,0.3,0.25,3.3,0.041,26,124,0.99428,3.18,0.5,9.3
1274,white,6,7.3,0.19,0.24,6.3,0.054,34,231,0.9964,3.36,0.54,10
1275,red,8,5.5,0.49,0.03,1.8,0.044,28,87,0.9908,3.5,0.82,14
1276,white,6,7.4,0.3,0.22,5.25,0.053,33,180,0.9926,3.13,0.45,11.6
1277,white,5,7.1,0.26,0.19,8.2,0.051,53,187,0.996,3.16,0.52,9.7
1278,white,6,7.1,0.19,0.28,3.6,0.033,16,78,0.993,2.91,0.78,11.4
1279,red,4,10.1,0.935,0.22,3.4,0.105,11,86,1.001,3.43,0.64,11.3
1280,white,4,7.2,0.615,0.1,1.4,0.068,25,154,0.99499,3.2,0.48,9.7
1281,white,5,7.2,0.26,0.32,10.4,0.062,23,114,0.9966,3.23,0.49,10.5
1282,white,7,6.4,0.25,0.33,1.4,0.04,42,115,0.9906,3.19,0.48,11.3
1283,white,6,6.1,0.22,0.5,6.6,0.045,30,122,0.99415,3.22,0.49,9.9
1284,white,5,6.3,0.2,0.18,10.6,0.045,57,159,0.99666,3.09,0.54,9.2
1285,white,5,6.2,0.3,0.32,1.2,0.052,32,185,0.99266,3.28,0.44,10.1
1286,white,5,6.8,0.36,0.32,1.6,0.039,10,124,0.9948,3.3,0.67,9.6
1287,red,5,9,0.6,0.29,2,0.069,32,73,0.99654,3.34,0.57,10
1288,white,6,7,0.13,0.37,12.85,0.042,36,105,0.99581,3.05,0.55,10.7
1289,red,5,6,0.5,0.04,2.2,0.092,13,26,0.99647,3.46,0.47,10
1290,white,6,7.7,0.24,0.27,1.8,0.051,52,190,0.9928,3.23,0.5,10.8
1291,white,5,7.2,0.4,0.49,1.1,0.048,11,138,0.9929,3.01,0.42,9.3
1292,red,6,8.7,0.7,0.24,2.5,0.226,5,15,0.9991,3.32,0.6,9
1293,white,6,7.1,0.26,0.32,5.9,0.037,39,97,0.9934,3.31,0.4,11.6
1294,red,6,8.8,0.46,0.45,2.6,0.065,7,18,0.9947,3.32,0.79,14
1295,white,6,6.5,0.29,0.3,9.15,0.051,25,166,0.99339,3.24,0.56,11.3333333333333
1296,white,5,6.1,0.38,0.47,1.4,0.051,59,210,0.99309,3.24,0.5,9.6
1297,white,7,6.9,0.35,0.39,2.4,0.048,25,157,0.99133,3.2,0.54,11.1
1298,white,6,8,0.25,0.49,9,0.044,31,185,0.998,3.34,0.49,10
1299,red,6,5.7,0.6,0,1.4,0.063,11,18,0.99191,3.45,0.56,12.2
